,Centrality,Algebric Connectivity,Density,Home_pass_toSame_Mean,Home_pass_toSame_std,Count,density
0,0.07,11.525652718732681,,1.282051282051282,0.8306359612863036,348.0,0.8727272727272727
