,Centrality,Algebric Connectivity,Density,Home_pass_toSame_Mean,Home_pass_toSame_std,Count,density
0,0.030000000000000016,13.891141904977815,,1.234567901234568,0.8839443407280987,425.0,0.9454545454545454
