,Centrality,Algebric Connectivity,Density,Home_pass_toSame_Mean,Home_pass_toSame_std,Count,density
0,0.020000000000000007,13.757874837481653,,1.1363636363636365,0.8963067276196535,352.0,0.9636363636363636
