,Centrality,Algebric Connectivity,Density,Home_pass_toSame_Mean,Home_pass_toSame_std,Count,density
0,0.030000000000000016,18.059659458477917,,1.0752688172043012,0.882496324013737,362.0,0.9454545454545454
