,Centrality,Algebric Connectivity,Density,Home_pass_toSame_Mean,Home_pass_toSame_std,Count,density
0,0.010000000000000009,22.131215334670916,,1.0204081632653061,0.7171863455796808,410.0,0.9818181818181818
