,Centrality,Algebric Connectivity,Density,Home_pass_toSame_Mean,Home_pass_toSame_std,Count,density
0,0.037037037037037056,19.769229373139893,,1.0204081632653061,0.7407710948905374,427.0,0.9333333333333333
