,Centrality,Algebric Connectivity,Density,Home_pass_toSame_Mean,Home_pass_toSame_std,Count,density
0,0.030000000000000027,15.05371271007046,,1.0416666666666665,0.8033248252443099,384.0,0.9454545454545454
