,Centrality,Algebric Connectivity,Density,Home_pass_toSame_Mean,Home_pass_toSame_std,Count,density
0,0.020000000000000018,11.950676952859826,,1.2195121951219512,0.8409517371864991,407.0,0.9636363636363636
