,Centrality,Algebric Connectivity,Density,Home_pass_toSame_Mean,Home_pass_toSame_std,Count,density
0,0.02469135802469137,13.133166766619611,,1.0309278350515463,0.6366138221751139,319.0,0.9555555555555556
