,Centrality,Algebric Connectivity,Density,Home_pass_toSame_Mean,Home_pass_toSame_std,Count,density
0,0.010000000000000009,27.246822744372736,,1.3698630136986303,0.8910275024038841,239.0,0.9818181818181818
