,Centrality,Algebric Connectivity,Density,Home_pass_toSame_Mean,Home_pass_toSame_std,Count,density
0,0.04,16.80911324769478,,1.3157894736842104,1.1711530007067725,298.0,0.9272727272727272
