,Centrality,Algebric Connectivity,Density,Home_pass_toSame_Mean,Home_pass_toSame_std,Count,density
0,0.040000000000000015,11.843003308113815,,1.0869565217391306,0.9129359363535998,409.0,0.9272727272727272
