,Centrality,Algebric Connectivity,Density,Home_pass_toSame_Mean,Home_pass_toSame_std,Count,density
0,0.05000000000000001,12.577739254011854,,1.694915254237288,1.0808161282455497,263.0,0.9090909090909091
