,Centrality,Algebric Connectivity,Density,Home_pass_toSame_Mean,Home_pass_toSame_std,Count,density
0,0.010000000000000009,22.415151293270362,,1.1494252873563218,1.005345716008231,315.0,0.9818181818181818
