,Centrality,Algebric Connectivity,Density,Home_pass_toSame_Mean,Home_pass_toSame_std,Count,density
0,0.09,7.241937611061171,,1.0204081632653061,0.7836956152862387,660.0,0.8363636363636363
