,Centrality,Algebric Connectivity,Density,Home_pass_toSame_Mean,Home_pass_toSame_std,Count,density
0,0.030000000000000006,19.571007420043408,,1.282051282051282,0.9145270504573416,274.0,0.9454545454545454
