,Centrality,Algebric Connectivity,Density,Home_pass_toSame_Mean,Home_pass_toSame_std,Count,density
0,0.030000000000000006,17.24844609598805,,1.111111111111111,0.8238253080794276,365.0,0.9454545454545454
