,Centrality,Algebric Connectivity,Density,Home_pass_toSame_Mean,Home_pass_toSame_std,Count,density
0,0.06000000000000001,17.968427320061085,,1.2195121951219512,0.8730780391471944,217.0,0.8909090909090909
