,Centrality,Algebric Connectivity,Density,Home_pass_toSame_Mean,Home_pass_toSame_std,Count,density
0,0.040000000000000015,12.395533248767912,,1.0869565217391304,0.8777633457564762,396.0,0.9272727272727272
