,Centrality,Algebric Connectivity,Density,Home_pass_toSame_Mean,Home_pass_toSame_std,Count,density
0,0.02469135802469137,15.19180185001101,,1.1764705882352944,0.7804042255936633,372.0,0.9555555555555556
