,Centrality,Algebric Connectivity,Density,Home_pass_toSame_Mean,Home_pass_toSame_std,Count,density
0,0.02469135802469137,9.77619370034426,,1.0869565217391304,0.7684483273383527,245.0,0.9555555555555556
