,Centrality,Algebric Connectivity,Density,Home_pass_toSame_Mean,Home_pass_toSame_std,Count,density
0,0.020000000000000007,11.598010461220795,,1.149425287356322,0.9004740912456531,554.0,0.9636363636363636
