,Centrality,Algebric Connectivity,Density,Home_pass_toSame_Mean,Home_pass_toSame_std,Count,density
0,0.05000000000000001,10.77340368665928,,1.2987012987012987,0.8319336070836302,395.0,0.9090909090909091
