,Centrality,Algebric Connectivity,Density,Home_pass_toSame_Mean,Home_pass_toSame_std,Count,density
0,0.030000000000000027,20.99589400314655,,1.2195121951219512,0.839134098075499,331.0,0.9454545454545454
