,Centrality,Algebric Connectivity,Density,Home_pass_toSame_Mean,Home_pass_toSame_std,Count,density
0,0.010000000000000009,19.26907170095196,,1.1904761904761907,0.7700546428227233,207.0,0.9818181818181818
