,Centrality,Algebric Connectivity,Density,Home_pass_toSame_Mean,Home_pass_toSame_std,Count,density
0,0.02469135802469137,12.900354104589058,,1.0638297872340425,0.6537594011643557,227.0,0.9555555555555556
