,Centrality,Algebric Connectivity,Density,Home_pass_toSame_Mean,Home_pass_toSame_std,Count,density
0,0.010000000000000009,13.768720787637694,,1.0204081632653061,0.8335293185366565,541.0,0.9818181818181818
