,Centrality,Algebric Connectivity,Density,Home_pass_toSame_Mean,Home_pass_toSame_std,Count,density
0,0.010000000000000009,23.688343689960387,,1.0638297872340425,0.8314868262560451,355.0,0.9818181818181818
