,Centrality,Algebric Connectivity,Density,Home_pass_toSame_Mean,Home_pass_toSame_std,Count,density
0,0.02469135802469137,13.093893971523338,,1.5625,1.0336547212272769,272.0,0.9555555555555556
