,Centrality,Algebric Connectivity,Density,Home_pass_toSame_Mean,Home_pass_toSame_std,Count,density
0,0.020000000000000007,20.4882240912248,,1.1494252873563218,1.1679211342760256,422.0,0.9636363636363636
