,Centrality,Algebric Connectivity,Density,Home_pass_toSame_Mean,Home_pass_toSame_std,Count,density
0,0.010000000000000009,24.128318613031933,,1.2195121951219512,0.9499194429903216,330.0,0.9818181818181818
