,Centrality,Algebric Connectivity,Density,Home_pass_toSame_Mean,Home_pass_toSame_std,Count,density
0,0.030000000000000016,22.73626777753397,,1.5151515151515151,1.1228009011882774,256.0,0.9454545454545454
