,Centrality,Algebric Connectivity,Density,Home_pass_toSame_Mean,Home_pass_toSame_std,Count,density
0,0.010000000000000009,18.217992399813184,,1.2345679012345678,0.7362570774006149,251.0,0.9818181818181818
