,Centrality,Algebric Connectivity,Density,Home_pass_toSame_Mean,Home_pass_toSame_std,Count,density
0,0.040000000000000015,18.81750517488919,,1.0416666666666667,0.6823250092618486,365.0,0.9272727272727272
