,Centrality,Algebric Connectivity,Density,Home_pass_toSame_Mean,Home_pass_toSame_std,Count,density
0,0.037037037037037056,12.652414147235255,,1.0752688172043012,0.9190046068794653,440.0,0.9333333333333333
