,Centrality,Algebric Connectivity,Density,Home_pass_toSame_Mean,Home_pass_toSame_std,Count,density
0,0.030000000000000016,12.643090549074623,,1.2820512820512822,0.9659083423292886,361.0,0.9454545454545454
