,Centrality,Algebric Connectivity,Density,Home_pass_toSame_Mean,Home_pass_toSame_std,Count,density
0,0.010000000000000009,16.23232482146928,,1.1235955056179776,0.8304903563982136,263.0,0.9818181818181818
