,Centrality,Algebric Connectivity,Density,Home_pass_toSame_Mean,Home_pass_toSame_std,Count,density
0,0.012345679012345685,18.115632341836875,,1.25,1.0781557406922506,428.0,0.9777777777777777
