,Centrality,Algebric Connectivity,Density,Home_pass_toSame_Mean,Home_pass_toSame_std,Count,density
0,0.010000000000000009,16.190288732084227,,1.1904761904761907,0.7935370868400362,261.0,0.9818181818181818
