,Centrality,Algebric Connectivity,Density,Home_pass_toSame_Mean,Home_pass_toSame_std,Count,density
0,0.04938271604938274,13.037986130632127,,1.0101010101010102,0.7244661712435025,548.0,0.9111111111111111
