,Centrality,Algebric Connectivity,Density,Home_pass_toSame_Mean,Home_pass_toSame_std,Count,density
0,0.02469135802469137,13.852858230485813,,1.5625,0.9412437896640214,197.0,0.9555555555555556
