,Centrality,Algebric Connectivity,Density,Home_pass_toSame_Mean,Home_pass_toSame_std,Count,density
0,0.05,13.242331287608181,,1.0416666666666665,0.7562264083564321,596.0,0.9090909090909091
