,Centrality,Algebric Connectivity,Density,Home_pass_toSame_Mean,Home_pass_toSame_std,Count,density
0,0.040000000000000015,10.755169342587715,,1.1111111111111112,0.7745139800262252,291.0,0.9272727272727272
