,Centrality,Algebric Connectivity,Density,Home_pass_toSame_Mean,Home_pass_toSame_std,Count,density
0,0.020000000000000007,16.371028566766668,,1.3333333333333335,0.7731698421416662,227.0,0.9636363636363636
