,Centrality,Algebric Connectivity,Density,Home_pass_toSame_Mean,Home_pass_toSame_std,Count,density
0,0.012345679012345685,21.4130488673524,,1.0309278350515463,0.8203702364359999,463.0,0.9777777777777777
