,Centrality,Algebric Connectivity,Density,Home_pass_toSame_Mean,Home_pass_toSame_std,Count,density
0,0.012345679012345685,18.750958366344484,,1.5873015873015872,1.3416958801930439,319.0,0.9777777777777777
