,Centrality,Algebric Connectivity,Density,Home_pass_toSame_Mean,Home_pass_toSame_std,Count,density
0,0.05000000000000001,13.392016216244201,,1.1111111111111112,0.9589097261559444,323.0,0.9090909090909091
