,Centrality,Algebric Connectivity,Density,Home_pass_toSame_Mean,Home_pass_toSame_std,Count,density
0,0.020000000000000018,27.502812911859085,,1.25,0.867665398764198,308.0,0.9636363636363636
