,Centrality,Algebric Connectivity,Density,Home_pass_toSame_Mean,Home_pass_toSame_std,Count,density
0,0.030000000000000016,20.647770241147008,,1.234567901234568,1.0594959486338376,408.0,0.9454545454545454
