,Centrality,Algebric Connectivity,Density,Home_pass_toSame_Mean,Home_pass_toSame_std,Count,density
0,0.010000000000000009,16.0596590478879,,1.1363636363636365,0.8183044390893254,260.0,0.9818181818181818
