,Centrality,Algebric Connectivity,Density,Home_pass_toSame_Mean,Home_pass_toSame_std,Count,density
0,0.050000000000000024,14.15101852333231,,1.3157894736842106,0.8293955602090533,283.0,0.9090909090909091
