,Centrality,Algebric Connectivity,Density,Home_pass_toSame_Mean,Home_pass_toSame_std,Count,density
0,0.010000000000000009,21.462264505261174,,1.5384615384615385,1.1854642313401877,325.0,0.9818181818181818
