,Centrality,Algebric Connectivity,Density,Home_pass_toSame_Mean,Home_pass_toSame_std,Count,density
0,0.020000000000000018,14.686619579685829,,1.25,1.0223503951340311,281.0,0.9636363636363636
