,Centrality,Algebric Connectivity,Density,Home_pass_toSame_Mean,Home_pass_toSame_std,Count,density
0,0.020000000000000007,17.594303836825613,,1.282051282051282,0.9470701806909423,292.0,0.9636363636363636
