,Centrality,Algebric Connectivity,Density,Home_pass_toSame_Mean,Home_pass_toSame_std,Count,density
0,0.020000000000000007,22.177032799276112,,1.0309278350515463,0.7683261288488562,695.0,0.9636363636363636
