,Centrality,Algebric Connectivity,Density,Home_pass_toSame_Mean,Home_pass_toSame_std,Count,density
0,0.05000000000000001,13.471748584446388,,1.3333333333333335,0.9832702980440329,205.0,0.9090909090909091
