,Centrality,Algebric Connectivity,Density,Home_pass_toSame_Mean,Home_pass_toSame_std,Count,density
0,0.010000000000000009,22.286864281797428,,1.0752688172043012,0.7998784823809042,306.0,0.9818181818181818
