,Centrality,Algebric Connectivity,Density,Home_pass_toSame_Mean,Home_pass_toSame_std,Count,density
0,0.04000000000000002,16.771748728352485,,0.9803921568627451,0.7156436865464704,481.0,0.9272727272727272
