,Centrality,Algebric Connectivity,Density,Home_pass_toSame_Mean,Home_pass_toSame_std,Count,density
0,0.03703703703703704,14.46793592573378,,1.2658227848101267,0.8681981388665596,331.0,0.9333333333333333
