,Centrality,Algebric Connectivity,Density,Home_pass_toSame_Mean,Home_pass_toSame_std,Count,density
0,0.040000000000000015,12.321007226226774,,1.1627906976744187,0.7603301127056581,224.0,0.9272727272727272
