,Centrality,Algebric Connectivity,Density,Home_pass_toSame_Mean,Home_pass_toSame_std,Count,density
0,0.012345679012345685,13.453699247069318,,1.098901098901099,0.734930796819026,247.0,0.9777777777777777
