,Centrality,Algebric Connectivity,Density,Home_pass_toSame_Mean,Home_pass_toSame_std,Count,density
0,0.020000000000000018,17.72356348190041,,1.2048192771084336,0.915521798861176,418.0,0.9636363636363636
