,Centrality,Algebric Connectivity,Density,Home_pass_toSame_Mean,Home_pass_toSame_std,Count,density
0,0.030000000000000016,14.087621007318527,,1.1764705882352942,0.7160317603895767,243.0,0.9454545454545454
