,Centrality,Algebric Connectivity,Density,Home_pass_toSame_Mean,Home_pass_toSame_std,Count,density
0,0.012345679012345685,22.61270803791681,,1.6129032258064515,1.1734067781121178,217.0,0.9777777777777777
