,Centrality,Algebric Connectivity,Density,Home_pass_toSame_Mean,Home_pass_toSame_std,Count,density
0,0.020000000000000018,21.216948266202387,,1.0869565217391304,0.6201247387718746,294.0,0.9636363636363636
