,Centrality,Algebric Connectivity,Density,Home_pass_toSame_Mean,Home_pass_toSame_std,Count,density
0,0.020000000000000018,17.16155752040327,,1.2658227848101267,0.8778227095212229,299.0,0.9636363636363636
