,Centrality,Algebric Connectivity,Density,Home_pass_toSame_Mean,Home_pass_toSame_std,Count,density
0,0.029999999999999992,19.913082911499554,,1.282051282051282,0.9298214554139437,275.0,0.9454545454545454
