,Centrality,Algebric Connectivity,Density,Home_pass_toSame_Mean,Home_pass_toSame_std,Count,density
0,0.06000000000000001,9.28753962799249,,1.0,0.8384976817898437,631.0,0.8909090909090909
