,Centrality,Algebric Connectivity,Density,Home_pass_toSame_Mean,Home_pass_toSame_std,Count,density
0,0.07,8.285298839619271,,1.0204081632653061,0.9127151372469734,545.0,0.8727272727272727
