,Centrality,Algebric Connectivity,Density,Home_pass_toSame_Mean,Home_pass_toSame_std,Count,density
0,0.012345679012345685,20.20525454321568,,1.0309278350515463,0.8231966686716907,460.0,0.9777777777777777
