,Centrality,Algebric Connectivity,Density,Home_pass_toSame_Mean,Home_pass_toSame_std,Count,density
0,0.020000000000000018,19.140607504365722,,1.0204081632653061,0.7053876511900266,379.0,0.9636363636363636
