,Centrality,Algebric Connectivity,Density,Home_pass_toSame_Mean,Home_pass_toSame_std,Count,density
0,0.010000000000000009,20.645102158686992,,1.0638297872340425,0.8518358627470862,298.0,0.9818181818181818
