,Centrality,Algebric Connectivity,Density,Home_pass_toSame_Mean,Home_pass_toSame_std,Count,density
0,0.030000000000000006,22.41442245806032,,1.149425287356322,0.8413102248444678,277.0,0.9454545454545454
