,Centrality,Algebric Connectivity,Density,Home_pass_toSame_Mean,Home_pass_toSame_std,Count,density
0,0.030000000000000006,19.183037090157843,,1.3157894736842104,0.9233349167128104,250.0,0.9454545454545454
