,Centrality,Algebric Connectivity,Density,Home_pass_toSame_Mean,Home_pass_toSame_std,Count,density
0,0.05000000000000001,17.138273495158366,,1.1235955056179776,0.9657931608043788,578.0,0.9090909090909091
