,Centrality,Algebric Connectivity,Density,Home_pass_toSame_Mean,Home_pass_toSame_std,Count,density
0,0.030000000000000016,10.719546260278763,,1.2345679012345678,0.9224277552705556,325.0,0.9454545454545454
