,Centrality,Algebric Connectivity,Density,Home_pass_toSame_Mean,Home_pass_toSame_std,Count,density
0,0.020000000000000007,20.666383702151045,,1.1627906976744187,0.7569250041237765,315.0,0.9636363636363636
