,Centrality,Algebric Connectivity,Density,Home_pass_toSame_Mean,Home_pass_toSame_std,Count,density
0,0.012345679012345685,15.087856420540463,,1.0416666666666665,0.9520520497374014,593.0,0.9777777777777777
