,Centrality,Algebric Connectivity,Density,Home_pass_toSame_Mean,Home_pass_toSame_std,Count,density
0,0.010000000000000009,17.94773113605116,,1.0416666666666667,0.7335402949855477,478.0,0.9818181818181818
