,Centrality,Algebric Connectivity,Density,Home_pass_toSame_Mean,Home_pass_toSame_std,Count,density
0,0.07407407407407408,10.144200161355839,,1.3888888888888888,1.0067299209268479,299.0,0.8666666666666667
