,Centrality,Algebric Connectivity,Density,Home_pass_toSame_Mean,Home_pass_toSame_std,Count,density
0,0.020000000000000018,20.675333341146207,,1.1904761904761905,0.9423147588753393,482.0,0.9636363636363636
