,Centrality,Algebric Connectivity,Density,Home_pass_toSame_Mean,Home_pass_toSame_std,Count,density
0,0.010000000000000009,18.873703770976288,,1.515151515151515,1.268499818362098,346.0,0.9818181818181818
