,Centrality,Algebric Connectivity,Density,Home_pass_toSame_Mean,Home_pass_toSame_std,Count,density
0,0.020000000000000007,14.807278297503926,,1.1235955056179776,0.7537328700239704,256.0,0.9636363636363636
