,Centrality,Algebric Connectivity,Density,Home_pass_toSame_Mean,Home_pass_toSame_std,Count,density
0,0.030000000000000016,12.83715211507162,,1.0204081632653061,0.7622882446731004,337.0,0.9454545454545454
