,Centrality,Algebric Connectivity,Density,Home_pass_toSame_Mean,Home_pass_toSame_std,Count,density
0,0.010000000000000009,20.966792981801394,,1.1904761904761905,0.7416869675917515,170.0,0.9818181818181818
