,Centrality,Algebric Connectivity,Density,Home_pass_toSame_Mean,Home_pass_toSame_std,Count,density
0,0.029999999999999992,18.156392060142743,,1.1363636363636365,0.9066300221552616,426.0,0.9454545454545454
