,Centrality,Algebric Connectivity,Density,Home_pass_toSame_Mean,Home_pass_toSame_std,Count,density
0,0.030000000000000016,8.720599466515909,,1.1235955056179776,0.8538219568586565,297.0,0.9454545454545454
