,Centrality,Algebric Connectivity,Density,Home_pass_toSame_Mean,Home_pass_toSame_std,Count,density
0,0.05000000000000001,15.872718573439885,,1.2195121951219512,1.2337758856198442,443.0,0.9090909090909091
