,Centrality,Algebric Connectivity,Density,Home_pass_toSame_Mean,Home_pass_toSame_std,Count,density
0,0.030000000000000016,12.632353486726842,,1.0526315789473684,0.8142907403621912,575.0,0.9454545454545454
