,Centrality,Algebric Connectivity,Density,Home_pass_toSame_Mean,Home_pass_toSame_std,Count,density
0,0.040000000000000015,17.942269898797655,,1.234567901234568,0.6926502147013168,188.0,0.9272727272727272
