,Centrality,Algebric Connectivity,Density,Home_pass_toSame_Mean,Home_pass_toSame_std,Count,density
0,0.020000000000000018,16.337203670925177,,1.0204081632653061,0.7059204200040816,407.0,0.9636363636363636
