,Centrality,Algebric Connectivity,Density,Home_pass_toSame_Mean,Home_pass_toSame_std,Count,density
0,0.05000000000000001,14.187200760250924,,1.0309278350515463,0.7617695765636883,292.0,0.9090909090909091
