,Centrality,Algebric Connectivity,Density,Home_pass_toSame_Mean,Home_pass_toSame_std,Count,density
0,0.010000000000000009,14.89932281417769,,1.01010101010101,0.7739421928991617,497.0,0.9818181818181818
