,Centrality,Algebric Connectivity,Density,Home_pass_toSame_Mean,Home_pass_toSame_std,Count,density
0,0.010000000000000009,22.138714072454036,,1.2195121951219512,1.0702482052025803,407.0,0.9818181818181818
