,Centrality,Algebric Connectivity,Density,Home_pass_toSame_Mean,Home_pass_toSame_std,Count,density
0,0.020000000000000007,17.235275975965322,,1.1235955056179776,0.6737538205048511,213.0,0.9636363636363636
