,Centrality,Algebric Connectivity,Density,Home_pass_toSame_Mean,Home_pass_toSame_std,Count,density
0,0.05000000000000001,7.4675314468187075,,1.1494252873563218,0.9344522510491667,433.0,0.9090909090909091
