,Centrality,Algebric Connectivity,Density,Home_pass_toSame_Mean,Home_pass_toSame_std,Count,density
0,0.05,14.80675603541491,,1.0204081632653061,0.6560108302742429,308.0,0.9090909090909091
