,Centrality,Algebric Connectivity,Density,Home_pass_toSame_Mean,Home_pass_toSame_std,Count,density
0,0.010000000000000009,18.381006550763967,,1.0989010989010988,0.7614942478919235,299.0,0.9818181818181818
