,Centrality,Algebric Connectivity,Density,Home_pass_toSame_Mean,Home_pass_toSame_std,Count,density
0,0.010000000000000009,16.732162581704365,,1.0752688172043012,0.8631751714737996,311.0,0.9818181818181818
