,Centrality,Algebric Connectivity,Density,Home_pass_toSame_Mean,Home_pass_toSame_std,Count,density
0,0.07,7.493027792677607,,0.9803921568627451,0.8363478572439597,457.0,0.8727272727272727
