,Centrality,Algebric Connectivity,Density,Home_pass_toSame_Mean,Home_pass_toSame_std,Count,density
0,0.04,13.125359223324267,,1.0638297872340425,0.647617837101899,223.0,0.9272727272727272
