,Centrality,Algebric Connectivity,Density,Home_pass_toSame_Mean,Home_pass_toSame_std,Count,density
0,0.010000000000000009,25.02703554651195,,1.0416666666666665,0.7191688430024901,423.0,0.9818181818181818
