,Centrality,Algebric Connectivity,Density,Home_pass_toSame_Mean,Home_pass_toSame_std,Count,density
0,0.012345679012345685,17.90569402990258,,0.9803921568627451,0.8525030551519607,551.0,0.9777777777777777
