,Centrality,Algebric Connectivity,Density,Home_pass_toSame_Mean,Home_pass_toSame_std,Count,density
0,0.030000000000000016,16.837808866313328,,1.2345679012345678,1.0437071518085828,306.0,0.9454545454545454
