,Centrality,Algebric Connectivity,Density,Home_pass_toSame_Mean,Home_pass_toSame_std,Count,density
0,0.03125,16.57659384082487,,1.1111111111111112,0.6806650805316548,204.0,0.9444444444444444
