,Centrality,Algebric Connectivity,Density,Home_pass_toSame_Mean,Home_pass_toSame_std,Count,density
0,0.020000000000000007,12.750826037602286,,1.0309278350515463,0.8384301565867645,564.0,0.9636363636363636
