,Centrality,Algebric Connectivity,Density,Home_pass_toSame_Mean,Home_pass_toSame_std,Count,density
0,0.012345679012345685,16.097366620125314,,1.2658227848101267,0.9572357108386896,286.0,0.9777777777777777
