,Centrality,Algebric Connectivity,Density,Home_pass_toSame_Mean,Home_pass_toSame_std,Count,density
0,0.012345679012345685,20.60641935089145,,1.1363636363636365,0.732387795576789,230.0,0.9777777777777777
