,Centrality,Algebric Connectivity,Density,Home_pass_toSame_Mean,Home_pass_toSame_std,Count,density
0,0.020000000000000018,17.22938297098589,,0.9900990099009901,0.7715383588808143,431.0,0.9636363636363636
