,Centrality,Algebric Connectivity,Density,Home_pass_toSame_Mean,Home_pass_toSame_std,Count,density
0,0.030000000000000016,26.475989822640546,,1.098901098901099,0.7122692496146895,305.0,0.9454545454545454
