,Centrality,Algebric Connectivity,Density,Home_pass_toSame_Mean,Home_pass_toSame_std,Count,density
0,0.040000000000000015,7.620591292930772,,1.4285714285714286,0.7541655745051312,186.0,0.9272727272727272
