,Centrality,Algebric Connectivity,Density,Home_pass_toSame_Mean,Home_pass_toSame_std,Count,density
0,0.06000000000000003,8.599179598051967,,1.1904761904761905,0.9663706584871704,612.0,0.8909090909090909
