,Centrality,Algebric Connectivity,Density,Home_pass_toSame_Mean,Home_pass_toSame_std,Count,density
0,0.030000000000000016,20.934138823676523,,1.4705882352941175,1.2765032896649104,304.0,0.9454545454545454
