,Centrality,Algebric Connectivity,Density,Home_pass_toSame_Mean,Home_pass_toSame_std,Count,density
0,0.05,15.141607834491435,,1.1363636363636365,0.9066056275683185,351.0,0.9090909090909091
