,Centrality,Algebric Connectivity,Density,Home_pass_toSame_Mean,Home_pass_toSame_std,Count,density
0,0.037037037037037056,10.625688119479076,,1.0989010989010988,0.7315071206728624,397.0,0.9333333333333333
