,Centrality,Algebric Connectivity,Density,Home_pass_toSame_Mean,Home_pass_toSame_std,Count,density
0,0.030000000000000016,18.107798038972653,,1.2987012987012987,0.7892080913724046,189.0,0.9454545454545454
