,Centrality,Algebric Connectivity,Density,Home_pass_toSame_Mean,Home_pass_toSame_std,Count,density
0,0.020000000000000018,25.78881498309957,,1.1111111111111112,0.665962157286941,306.0,0.9636363636363636
