,Centrality,Algebric Connectivity,Density,Home_pass_toSame_Mean,Home_pass_toSame_std,Count,density
0,0.030000000000000016,11.711195282240649,,1.2048192771084338,0.9487334074133953,453.0,0.9454545454545454
