,Centrality,Algebric Connectivity,Density,Home_pass_toSame_Mean,Home_pass_toSame_std,Count,density
0,0.03703703703703704,10.627362515824036,,1.0416666666666667,0.8174865169375014,553.0,0.9333333333333333
