,Centrality,Algebric Connectivity,Density,Home_pass_toSame_Mean,Home_pass_toSame_std,Count,density
0,0.02469135802469137,12.697965373913654,,1.0,0.8427595719217646,496.0,0.9555555555555556
