,Centrality,Algebric Connectivity,Density,Home_pass_toSame_Mean,Home_pass_toSame_std,Count,density
0,0.04000000000000002,18.21401386145306,,1.0638297872340425,0.8726082561551459,399.0,0.9272727272727272
