,Centrality,Algebric Connectivity,Density,Home_pass_toSame_Mean,Home_pass_toSame_std,Count,density
0,0.03703703703703704,11.209798006620915,,1.9230769230769231,1.1708429166967778,150.0,0.9333333333333333
