,Centrality,Algebric Connectivity,Density,Home_pass_toSame_Mean,Home_pass_toSame_std,Count,density
0,0.012345679012345685,14.107392825344853,,1.0989010989010988,0.8073751430462017,276.0,0.9777777777777777
