,Centrality,Algebric Connectivity,Density,Home_pass_toSame_Mean,Home_pass_toSame_std,Count,density
0,0.06000000000000002,10.675851248634038,,1.098901098901099,0.8482391647934628,317.0,0.8909090909090909
