,Centrality,Algebric Connectivity,Density,Home_pass_toSame_Mean,Home_pass_toSame_std,Count,density
0,0.050000000000000024,12.186491563020814,,1.0416666666666665,1.0113701964095365,560.0,0.9090909090909091
