,Centrality,Algebric Connectivity,Density,Home_pass_toSame_Mean,Home_pass_toSame_std,Count,density
0,0.0625,7.501480137040194,,0.9900990099009901,0.8869082918590478,699.0,0.8888888888888888
