,Centrality,Algebric Connectivity,Density,Home_pass_toSame_Mean,Home_pass_toSame_std,Count,density
0,0.030000000000000006,19.270917977615184,,1.1494252873563218,1.0180870337756978,301.0,0.9454545454545454
