,Centrality,Algebric Connectivity,Density,Home_pass_toSame_Mean,Home_pass_toSame_std,Count,density
0,0.010000000000000009,24.893752936357327,,1.075268817204301,0.7979501103117096,299.0,0.9818181818181818
