,Centrality,Algebric Connectivity,Density,Home_pass_toSame_Mean,Home_pass_toSame_std,Count,density
0,0.07,9.456976781849287,,1.0526315789473684,0.8746711684726775,379.0,0.8727272727272727
