,Centrality,Algebric Connectivity,Density,Home_pass_toSame_Mean,Home_pass_toSame_std,Count,density
0,0.010000000000000009,17.87383780287784,,1.3157894736842104,0.811553825497966,281.0,0.9818181818181818
