,Centrality,Algebric Connectivity,Density,Home_pass_toSame_Mean,Home_pass_toSame_std,Count,density
0,0.012345679012345685,17.526138449964574,,1.111111111111111,0.7682261234091371,330.0,0.9777777777777777
