,Centrality,Algebric Connectivity,Density,Home_pass_toSame_Mean,Home_pass_toSame_std,Count,density
0,0.040000000000000015,19.40727263493422,,1.3333333333333335,0.995382877768262,387.0,0.9272727272727272
