,Centrality,Algebric Connectivity,Density,Home_pass_toSame_Mean,Home_pass_toSame_std,Count,density
0,0.040000000000000015,21.235526092005724,,1.0309278350515463,0.729672526531942,441.0,0.9272727272727272
