,Centrality,Algebric Connectivity,Density,Home_pass_toSame_Mean,Home_pass_toSame_std,Count,density
0,0.037037037037037056,9.594630133218363,,1.0638297872340425,0.789038668485306,251.0,0.9333333333333333
