,Centrality,Algebric Connectivity,Density,Home_pass_toSame_Mean,Home_pass_toSame_std,Count,density
0,0.04938271604938274,18.980019043859553,,1.2195121951219512,0.9518777182348784,293.0,0.9111111111111111
