,Centrality,Algebric Connectivity,Density,Home_pass_toSame_Mean,Home_pass_toSame_std,Count,density
0,0.010000000000000009,17.845596887902246,,1.1904761904761905,0.7692214989027686,264.0,0.9818181818181818
