,Centrality,Algebric Connectivity,Density,Home_pass_toSame_Mean,Home_pass_toSame_std,Count,density
0,0.06172839506172841,8.557832707532699,,1.0204081632653061,0.8934572281565814,505.0,0.8888888888888888
