,Centrality,Algebric Connectivity,Density,Home_pass_toSame_Mean,Home_pass_toSame_std,Count,density
0,0.020000000000000007,14.891990952246685,,1.0752688172043012,0.8878114017885911,438.0,0.9636363636363636
