,Centrality,Algebric Connectivity,Density,Home_pass_toSame_Mean,Home_pass_toSame_std,Count,density
0,0.020000000000000018,15.34353942190642,,1.075268817204301,0.8837432723662969,291.0,0.9636363636363636
