,Centrality,Algebric Connectivity,Density,Home_pass_toSame_Mean,Home_pass_toSame_std,Count,density
0,0.020000000000000007,12.709394118836508,,1.0309278350515465,0.9488091833704095,522.0,0.9636363636363636
