,Centrality,Algebric Connectivity,Density,Home_pass_toSame_Mean,Home_pass_toSame_std,Count,density
0,0.010000000000000009,24.252935952620433,,1.0752688172043012,0.7212208500680741,314.0,0.9818181818181818
