,Centrality,Algebric Connectivity,Density,Home_pass_toSame_Mean,Home_pass_toSame_std,Count,density
0,0.015625,16.807179780262512,,1.6129032258064515,1.1833559095947666,304.0,0.9722222222222222
