,Centrality,Algebric Connectivity,Density,Home_pass_toSame_Mean,Home_pass_toSame_std,Count,density
0,0.010000000000000009,21.108665653942634,,1.25,0.737755078597241,229.0,0.9818181818181818
