,Centrality,Algebric Connectivity,Density,Home_pass_toSame_Mean,Home_pass_toSame_std,Count,density
0,0.020000000000000007,17.428897951571575,,1.1904761904761905,0.929974936696674,340.0,0.9636363636363636
