,Centrality,Algebric Connectivity,Density,Home_pass_toSame_Mean,Home_pass_toSame_std,Count,density
0,0.037037037037037056,15.94333263253597,,1.0989010989010988,0.9861668579868883,388.0,0.9333333333333333
