,Centrality,Algebric Connectivity,Density,Home_pass_toSame_Mean,Home_pass_toSame_std,Count,density
0,0.020000000000000018,19.96902848376095,,1.075268817204301,0.7667605914683892,292.0,0.9636363636363636
