,Centrality,Algebric Connectivity,Density,Home_pass_toSame_Mean,Home_pass_toSame_std,Count,density
0,0.012345679012345685,13.142091045745481,,1.01010101010101,0.7573690167908355,349.0,0.9777777777777777
