,Centrality,Algebric Connectivity,Density,Home_pass_toSame_Mean,Home_pass_toSame_std,Count,density
0,0.020000000000000018,18.355745302343262,,0.9900990099009901,0.6799674545572426,546.0,0.9636363636363636
