,Centrality,Algebric Connectivity,Density,Home_pass_toSame_Mean,Home_pass_toSame_std,Count,density
0,0.030000000000000016,16.101878893821986,,1.1764705882352942,0.8170602694514528,334.0,0.9454545454545454
