,Centrality,Algebric Connectivity,Density,Home_pass_toSame_Mean,Home_pass_toSame_std,Count,density
0,0.02469135802469137,15.651351641878101,,1.0526315789473684,0.7395712862989275,524.0,0.9555555555555556
