,Centrality,Algebric Connectivity,Density,Home_pass_toSame_Mean,Home_pass_toSame_std,Count,density
0,0.050000000000000024,14.18564255773076,,1.0,0.9538836557478237,683.0,0.9090909090909091
