,Centrality,Algebric Connectivity,Density,Home_pass_toSame_Mean,Home_pass_toSame_std,Count,density
0,0.020000000000000007,22.33915830728653,,1.1494252873563218,1.0191849421272703,437.0,0.9636363636363636
