,Centrality,Algebric Connectivity,Density,Home_pass_toSame_Mean,Home_pass_toSame_std,Count,density
0,0.02469135802469137,14.135320207284913,,1.5151515151515151,1.3161482711329042,272.0,0.9555555555555556
