,Centrality,Algebric Connectivity,Density,Home_pass_toSame_Mean,Home_pass_toSame_std,Count,density
0,0.020000000000000007,18.985519132880626,,1.3513513513513513,1.0414024698721431,344.0,0.9636363636363636
