,Centrality,Algebric Connectivity,Density,Home_pass_toSame_Mean,Home_pass_toSame_std,Count,density
0,0.06000000000000001,13.806302476178075,,1.3157894736842106,0.812776025155127,259.0,0.8909090909090909
