,Centrality,Algebric Connectivity,Density,Home_pass_toSame_Mean,Home_pass_toSame_std,Count,density
0,0.030000000000000027,15.99254663846692,,1.0638297872340425,0.8973167606415068,517.0,0.9454545454545454
