,Centrality,Algebric Connectivity,Density,Home_pass_toSame_Mean,Home_pass_toSame_std,Count,density
0,0.020000000000000007,18.26242868771136,,1.2987012987012987,0.8745745130124365,326.0,0.9636363636363636
