,Centrality,Algebric Connectivity,Density,Home_pass_toSame_Mean,Home_pass_toSame_std,Count,density
0,0.04,12.68905927544822,,1.1764705882352944,0.9727600632791485,521.0,0.9272727272727272
