,Centrality,Algebric Connectivity,Density,Home_pass_toSame_Mean,Home_pass_toSame_std,Count,density
0,0.040000000000000015,17.071732994055047,,1.3698630136986303,0.8033223743529703,181.0,0.9272727272727272
