,Centrality,Algebric Connectivity,Density,Home_pass_toSame_Mean,Home_pass_toSame_std,Count,density
0,0.05000000000000001,11.245330258424715,,1.3698630136986303,0.9417418144048072,271.0,0.9090909090909091
