,Centrality,Algebric Connectivity,Density,Home_pass_toSame_Mean,Home_pass_toSame_std,Count,density
0,0.020000000000000007,19.86611912743715,,1.3698630136986303,1.2761072411327725,403.0,0.9636363636363636
