,Centrality,Algebric Connectivity,Density,Home_pass_toSame_Mean,Home_pass_toSame_std,Count,density
0,0.020000000000000007,16.538673892738675,,1.075268817204301,0.7665831323821932,396.0,0.9636363636363636
