,Centrality,Algebric Connectivity,Density,Home_pass_toSame_Mean,Home_pass_toSame_std,Count,density
0,0.050000000000000024,8.639312127840487,,1.0989010989010988,0.7686856198156954,309.0,0.9090909090909091
