,Centrality,Algebric Connectivity,Density,Home_pass_toSame_Mean,Home_pass_toSame_std,Count,density
0,0.030000000000000016,20.760228482432698,,1.0204081632653061,0.6737046859001006,279.0,0.9454545454545454
