,Centrality,Algebric Connectivity,Density,Home_pass_toSame_Mean,Home_pass_toSame_std,Count,density
0,0.010000000000000009,18.48083120219374,,1.2658227848101267,0.818128864751716,318.0,0.9818181818181818
