,Centrality,Algebric Connectivity,Density,Home_pass_toSame_Mean,Home_pass_toSame_std,Count,density
0,0.020000000000000018,17.351610514438963,,1.0638297872340425,0.8228788917095877,328.0,0.9636363636363636
