,Centrality,Algebric Connectivity,Density,Home_pass_toSame_Mean,Home_pass_toSame_std,Count,density
0,0.012345679012345685,20.26319336351744,,1.0204081632653061,0.8517021269862115,602.0,0.9777777777777777
