,Centrality,Algebric Connectivity,Density,Home_pass_toSame_Mean,Home_pass_toSame_std,Count,density
0,0.010000000000000009,20.483031375596337,,1.0416666666666667,0.7441613496642013,341.0,0.9818181818181818
