,Centrality,Algebric Connectivity,Density,Home_pass_toSame_Mean,Home_pass_toSame_std,Count,density
0,0.030000000000000006,15.741645872698248,,1.1111111111111112,0.8272605280760638,359.0,0.9454545454545454
