,Centrality,Algebric Connectivity,Density,Home_pass_toSame_Mean,Home_pass_toSame_std,Count,density
0,0.02469135802469137,17.02279896114618,,1.0526315789473684,0.9369109326039019,422.0,0.9555555555555556
