,Centrality,Algebric Connectivity,Density,Home_pass_toSame_Mean,Home_pass_toSame_std,Count,density
0,0.020000000000000007,26.393265650838245,,1.3513513513513513,0.9548832013862295,152.0,0.9636363636363636
