,Centrality,Algebric Connectivity,Density,Home_pass_toSame_Mean,Home_pass_toSame_std,Count,density
0,0.010000000000000009,17.0509231370042,,1.3157894736842106,1.1850775773432136,423.0,0.9818181818181818
