,Centrality,Algebric Connectivity,Density,Home_pass_toSame_Mean,Home_pass_toSame_std,Count,density
0,0.04938271604938273,20.805689341201244,,1.0204081632653061,1.0315995647948122,595.0,0.9111111111111111
