,Centrality,Algebric Connectivity,Density,Home_pass_toSame_Mean,Home_pass_toSame_std,Count,density
0,0.040000000000000015,13.658980814181527,,1.1111111111111112,1.001970592714262,375.0,0.9272727272727272
