,Centrality,Algebric Connectivity,Density,Home_pass_toSame_Mean,Home_pass_toSame_std,Count,density
0,0.05000000000000001,9.669929645688581,,1.0869565217391304,0.9423625472068956,667.0,0.9090909090909091
