,Centrality,Algebric Connectivity,Density,Home_pass_toSame_Mean,Home_pass_toSame_std,Count,density
0,0.020000000000000007,20.706726555742062,,1.075268817204301,0.7725271779818277,294.0,0.9636363636363636
