,Centrality,Algebric Connectivity,Density,Home_pass_toSame_Mean,Home_pass_toSame_std,Count,density
0,0.030000000000000006,16.068981129020965,,1.1764705882352944,0.803816593210788,198.0,0.9454545454545454
