,Centrality,Algebric Connectivity,Density,Home_pass_toSame_Mean,Home_pass_toSame_std,Count,density
0,0.012345679012345685,14.418905631930551,,1.2345679012345678,0.9659838917369247,334.0,0.9777777777777777
