,Centrality,Algebric Connectivity,Density,Home_pass_toSame_Mean,Home_pass_toSame_std,Count,density
0,0.06172839506172841,13.57390320298378,,1.098901098901099,0.7469105865714397,362.0,0.8888888888888888
