,Centrality,Algebric Connectivity,Density,Home_pass_toSame_Mean,Home_pass_toSame_std,Count,density
0,0.020000000000000018,18.46310736814149,,1.2987012987012987,1.0410264611707039,397.0,0.9636363636363636
