,Centrality,Algebric Connectivity,Density,Home_pass_toSame_Mean,Home_pass_toSame_std,Count,density
0,0.040000000000000015,19.594976727783024,,1.0989010989010988,0.852366454626907,299.0,0.9272727272727272
