,Centrality,Algebric Connectivity,Density,Home_pass_toSame_Mean,Home_pass_toSame_std,Count,density
0,0.02469135802469137,13.374429509546273,,1.0204081632653061,0.8969005087825678,643.0,0.9555555555555556
