,Centrality,Algebric Connectivity,Density,Home_pass_toSame_Mean,Home_pass_toSame_std,Count,density
0,0.037037037037037056,11.741628454977207,,1.01010101010101,0.6904702022667835,538.0,0.9333333333333333
