,Centrality,Algebric Connectivity,Density,Home_pass_toSame_Mean,Home_pass_toSame_std,Count,density
0,0.030000000000000016,15.945940256373811,,1.5873015873015872,1.1048964688917486,281.0,0.9454545454545454
