,Centrality,Algebric Connectivity,Density,Home_pass_toSame_Mean,Home_pass_toSame_std,Count,density
0,0.010000000000000009,23.26718722028694,,1.1904761904761907,0.7857080971753206,229.0,0.9818181818181818
