,Centrality,Algebric Connectivity,Density,Home_pass_toSame_Mean,Home_pass_toSame_std,Count,density
0,0.02469135802469137,15.599185606621358,,0.9900990099009901,0.6428823449953821,415.0,0.9555555555555556
