,Centrality,Algebric Connectivity,Density,Home_pass_toSame_Mean,Home_pass_toSame_std,Count,density
0,0.05,8.504384691459206,,1.2987012987012987,1.1887880408367135,347.0,0.9090909090909091
