,Centrality,Algebric Connectivity,Density,Home_pass_toSame_Mean,Home_pass_toSame_std,Count,density
0,0.06000000000000001,11.646947194413327,,1.0309278350515463,0.8865738677386867,457.0,0.8909090909090909
