,Centrality,Algebric Connectivity,Density,Home_pass_toSame_Mean,Home_pass_toSame_std,Count,density
0,0.02469135802469137,25.11035426079421,,1.2195121951219512,0.9592954307975391,496.0,0.9555555555555556
