,Centrality,Algebric Connectivity,Density,Home_pass_toSame_Mean,Home_pass_toSame_std,Count,density
0,0.05000000000000001,10.45075806305504,,0.9615384615384616,0.6903596666684026,612.0,0.9090909090909091
