,Centrality,Algebric Connectivity,Density,Home_pass_toSame_Mean,Home_pass_toSame_std,Count,density
0,0.03703703703703704,12.532860482224782,,1.0638297872340425,0.8573231366546452,499.0,0.9333333333333333
