,Centrality,Algebric Connectivity,Density,Home_pass_toSame_Mean,Home_pass_toSame_std,Count,density
0,0.050000000000000024,13.390060250063259,,1.3333333333333333,0.8200094057622547,246.0,0.9090909090909091
