,Centrality,Algebric Connectivity,Density,Home_pass_toSame_Mean,Home_pass_toSame_std,Count,density
0,0.020000000000000018,18.011976741959394,,1.0869565217391304,0.7435002239875197,268.0,0.9636363636363636
