,Centrality,Algebric Connectivity,Density,Home_pass_toSame_Mean,Home_pass_toSame_std,Count,density
0,0.050000000000000024,12.640165662379031,,1.3698630136986303,0.7364211174602087,220.0,0.9090909090909091
