,Centrality,Algebric Connectivity,Density,Home_pass_toSame_Mean,Home_pass_toSame_std,Count,density
0,0.012345679012345685,22.662087722322603,,0.9615384615384615,0.71835646694996,480.0,0.9777777777777777
