,Centrality,Algebric Connectivity,Density,Home_pass_toSame_Mean,Home_pass_toSame_std,Count,density
0,0.02469135802469137,18.92042604480609,,1.2195121951219512,0.8301290986495226,319.0,0.9555555555555556
