,Centrality,Algebric Connectivity,Density,Home_pass_toSame_Mean,Home_pass_toSame_std,Count,density
0,0.037037037037037056,11.597723282863772,,1.0526315789473684,0.6733334150009627,332.0,0.9333333333333333
