,Centrality,Algebric Connectivity,Density,Home_pass_toSame_Mean,Home_pass_toSame_std,Count,density
0,0.030000000000000016,22.636981180093848,,1.0204081632653061,0.8611582985468882,379.0,0.9454545454545454
