,Centrality,Algebric Connectivity,Density,Home_pass_toSame_Mean,Home_pass_toSame_std,Count,density
0,0.020000000000000007,17.204450686107048,,1.3513513513513513,1.023547354121465,302.0,0.9636363636363636
