,Centrality,Algebric Connectivity,Density,Home_pass_toSame_Mean,Home_pass_toSame_std,Count,density
0,0.020000000000000018,15.097806037508455,,1.0526315789473686,0.823051322660049,392.0,0.9636363636363636
