,Centrality,Algebric Connectivity,Density,Home_pass_toSame_Mean,Home_pass_toSame_std,Count,density
0,0.010000000000000009,16.142045296301887,,1.0,0.7367248027077556,377.0,0.9818181818181818
