,Centrality,Algebric Connectivity,Density,Home_pass_toSame_Mean,Home_pass_toSame_std,Count,density
0,0.020000000000000018,11.997581488071285,,1.2195121951219512,0.9244172716413458,425.0,0.9636363636363636
