,Centrality,Algebric Connectivity,Density,Home_pass_toSame_Mean,Home_pass_toSame_std,Count,density
0,0.030000000000000016,18.85585020273355,,1.3333333333333333,1.5186527932039986,475.0,0.9454545454545454
