,Centrality,Algebric Connectivity,Density,Home_pass_toSame_Mean,Home_pass_toSame_std,Count,density
0,0.012345679012345685,18.86737904115462,,1.1235955056179776,1.0191103042662135,350.0,0.9777777777777777
