,Centrality,Algebric Connectivity,Density,Home_pass_toSame_Mean,Home_pass_toSame_std,Count,density
0,0.05000000000000001,9.639429640934084,,1.0,0.8900122651030264,623.0,0.9090909090909091
