,Centrality,Algebric Connectivity,Density,Home_pass_toSame_Mean,Home_pass_toSame_std,Count,density
0,0.030000000000000006,14.273062292660967,,1.0638297872340425,0.7462316760208189,470.0,0.9454545454545454
