,Centrality,Algebric Connectivity,Density,Home_pass_toSame_Mean,Home_pass_toSame_std,Count,density
0,0.040000000000000015,12.72382981254475,,1.0101010101010102,0.7118175842483707,542.0,0.9272727272727272
