,Centrality,Algebric Connectivity,Density,Home_pass_toSame_Mean,Home_pass_toSame_std,Count,density
0,0.02469135802469137,15.048880662540542,,1.1764705882352942,0.9518496480338524,317.0,0.9555555555555556
