,Centrality,Algebric Connectivity,Density,Home_pass_toSame_Mean,Home_pass_toSame_std,Count,density
0,0.05,10.589915993048924,,1.0638297872340428,0.6792027650694614,307.0,0.9090909090909091
