,Centrality,Algebric Connectivity,Density,Home_pass_toSame_Mean,Home_pass_toSame_std,Count,density
0,0.06172839506172841,5.400634001846344,,1.5384615384615383,1.3056260393853187,358.0,0.8888888888888888
