,Centrality,Algebric Connectivity,Density,Home_pass_toSame_Mean,Home_pass_toSame_std,Count,density
0,0.030000000000000027,17.96485917048419,,1.2987012987012987,1.14556739253148,419.0,0.9454545454545454
