,Centrality,Algebric Connectivity,Density,Home_pass_toSame_Mean,Home_pass_toSame_std,Count,density
0,0.012345679012345685,20.49482654946608,,1.1363636363636365,0.7896590049523727,237.0,0.9777777777777777
