,Centrality,Algebric Connectivity,Density,Home_pass_toSame_Mean,Home_pass_toSame_std,Count,density
0,0.040000000000000015,12.190770387589257,,1.5151515151515151,0.958197235168458,167.0,0.9272727272727272
