,Centrality,Algebric Connectivity,Density,Home_pass_toSame_Mean,Home_pass_toSame_std,Count,density
0,0.012345679012345685,19.243267866753172,,1.5384615384615385,1.4779876511485126,420.0,0.9777777777777777
