,Centrality,Algebric Connectivity,Density,Home_pass_toSame_Mean,Home_pass_toSame_std,Count,density
0,0.012345679012345685,12.74285379080128,,1.2048192771084338,1.5208928454462876,434.0,0.9777777777777777
