,Centrality,Algebric Connectivity,Density,Home_pass_toSame_Mean,Home_pass_toSame_std,Count,density
0,0.020000000000000007,17.426705475670637,,1.1111111111111112,0.7018303022554984,232.0,0.9636363636363636
