,Centrality,Algebric Connectivity,Density,Home_pass_toSame_Mean,Home_pass_toSame_std,Count,density
0,0.02469135802469137,16.806907645459663,,1.0752688172043012,0.7526753544783977,368.0,0.9555555555555556
