,Centrality,Algebric Connectivity,Density,Home_pass_toSame_Mean,Home_pass_toSame_std,Count,density
0,0.020000000000000018,20.0004845446188,,1.0309278350515463,0.7544558075848808,464.0,0.9636363636363636
