,Centrality,Algebric Connectivity,Density,Home_pass_toSame_Mean,Home_pass_toSame_std,Count,density
0,0.010000000000000009,21.97235882961262,,1.075268817204301,0.7432705741253767,343.0,0.9818181818181818
