,Centrality,Algebric Connectivity,Density,Home_pass_toSame_Mean,Home_pass_toSame_std,Count,density
0,0.020000000000000018,16.980674530754307,,1.4084507042253522,1.2587871438635252,301.0,0.9636363636363636
