,Centrality,Algebric Connectivity,Density,Home_pass_toSame_Mean,Home_pass_toSame_std,Count,density
0,0.040000000000000015,17.950778017255224,,1.111111111111111,0.9827047140970161,331.0,0.9272727272727272
