,Centrality,Algebric Connectivity,Density,Home_pass_toSame_Mean,Home_pass_toSame_std,Count,density
0,0.030000000000000016,21.405435966037576,,1.0204081632653061,0.8756067472767696,431.0,0.9454545454545454
