,Centrality,Algebric Connectivity,Density,Home_pass_toSame_Mean,Home_pass_toSame_std,Count,density
0,0.04000000000000002,19.719652092736847,,0.9900990099009901,0.8270659616324749,601.0,0.9272727272727272
