,Centrality,Algebric Connectivity,Density,Home_pass_toSame_Mean,Home_pass_toSame_std,Count,density
0,0.030000000000000016,20.62668278566515,,1.0526315789473684,0.6253640085793767,225.0,0.9454545454545454
