,Centrality,Algebric Connectivity,Density,Home_pass_toSame_Mean,Home_pass_toSame_std,Count,density
0,0.020000000000000007,13.65882599157862,,1.1764705882352942,0.8819265514181388,258.0,0.9636363636363636
