,Centrality,Algebric Connectivity,Density,Home_pass_toSame_Mean,Home_pass_toSame_std,Count,density
0,0.08000000000000002,11.046773623630163,,1.0752688172043012,0.937463337598397,369.0,0.8545454545454545
