,Centrality,Algebric Connectivity,Density,Home_pass_toSame_Mean,Home_pass_toSame_std,Count,density
0,0.020000000000000007,27.90741466057934,,1.0638297872340425,0.7745134836443803,271.0,0.9636363636363636
