,Centrality,Algebric Connectivity,Density,Home_pass_toSame_Mean,Home_pass_toSame_std,Count,density
0,0.030000000000000006,14.381868807965516,,1.0526315789473686,1.0581810831239178,390.0,0.9454545454545454
