,Centrality,Algebric Connectivity,Density,Home_pass_toSame_Mean,Home_pass_toSame_std,Count,density
0,0.030000000000000006,14.288748552800865,,1.1111111111111112,0.8539553144834579,345.0,0.9454545454545454
