,Centrality,Algebric Connectivity,Density,Home_pass_toSame_Mean,Home_pass_toSame_std,Count,density
0,0.020000000000000018,18.00080875963739,,1.0526315789473684,0.9338159098775531,504.0,0.9636363636363636
