,Centrality,Algebric Connectivity,Density,Home_pass_toSame_Mean,Home_pass_toSame_std,Count,density
0,0.05000000000000001,14.82337901014766,,1.0526315789473686,0.8258440977697731,487.0,0.9090909090909091
