,Centrality,Algebric Connectivity,Density,Home_pass_toSame_Mean,Home_pass_toSame_std,Count,density
0,0.040000000000000015,11.738188228880217,,1.0309278350515463,0.7790522902798509,380.0,0.9272727272727272
