,Centrality,Algebric Connectivity,Density,Home_pass_toSame_Mean,Home_pass_toSame_std,Count,density
0,0.02469135802469137,14.77764698762329,,1.5151515151515151,1.2667133804597723,307.0,0.9555555555555556
