,Centrality,Algebric Connectivity,Density,Home_pass_toSame_Mean,Home_pass_toSame_std,Count,density
0,0.04938271604938273,14.565573444968727,,1.0638297872340425,0.9050029525955202,330.0,0.9111111111111111
