,Centrality,Algebric Connectivity,Density,Home_pass_toSame_Mean,Home_pass_toSame_std,Count,density
0,0.030000000000000016,17.898596051366702,,1.01010101010101,0.7723246716611404,398.0,0.9454545454545454
