,Centrality,Algebric Connectivity,Density,Home_pass_toSame_Mean,Home_pass_toSame_std,Count,density
0,0.06000000000000001,13.348330768843113,,1.0204081632653061,0.7034325825230403,405.0,0.8909090909090909
