,Centrality,Algebric Connectivity,Density,Home_pass_toSame_Mean,Home_pass_toSame_std,Count,density
0,0.02469135802469137,17.517901998150965,,1.0752688172043012,0.8032343303182946,317.0,0.9555555555555556
