,Centrality,Algebric Connectivity,Density,Home_pass_toSame_Mean,Home_pass_toSame_std,Count,density
0,0.030000000000000016,14.738652964514975,,1.0989010989010988,0.8392681040140678,332.0,0.9454545454545454
