,Centrality,Algebric Connectivity,Density,Home_pass_toSame_Mean,Home_pass_toSame_std,Count,density
0,0.03125,22.193595490062307,,1.2345679012345678,0.6997585982145055,170.0,0.9444444444444444
