,Centrality,Algebric Connectivity,Density,Home_pass_toSame_Mean,Home_pass_toSame_std,Count,density
0,0.020000000000000007,27.129648928235166,,1.1111111111111112,0.8875868686522468,326.0,0.9636363636363636
