,Centrality,Algebric Connectivity,Density,Home_pass_toSame_Mean,Home_pass_toSame_std,Count,density
0,0.010000000000000009,20.04913071181867,,1.0416666666666665,0.8862312641412308,467.0,0.9818181818181818
