,Centrality,Algebric Connectivity,Density,Home_pass_toSame_Mean,Home_pass_toSame_std,Count,density
0,0.020000000000000007,14.25585892187078,,1.0204081632653061,0.7285715774987686,346.0,0.9636363636363636
