,Centrality,Algebric Connectivity,Density,Home_pass_toSame_Mean,Home_pass_toSame_std,Count,density
0,0.012345679012345685,12.051938799617895,,1.0869565217391304,0.9287098713438142,584.0,0.9777777777777777
