,Centrality,Algebric Connectivity,Density,Home_pass_toSame_Mean,Home_pass_toSame_std,Count,density
0,0.030000000000000016,16.959385926004092,,1.0101010101010102,0.9340566565200739,771.0,0.9454545454545454
