,Centrality,Algebric Connectivity,Density,Home_pass_toSame_Mean,Home_pass_toSame_std,Count,density
0,0.08641975308641976,6.285901732805474,,1.1494252873563218,1.1039381388242941,676.0,0.8444444444444444
