,Centrality,Algebric Connectivity,Density,Home_pass_toSame_Mean,Home_pass_toSame_std,Count,density
0,0.06000000000000002,10.906361372901285,,1.0638297872340425,0.8897877632679848,390.0,0.8909090909090909
