,Centrality,Algebric Connectivity,Density,Home_pass_toSame_Mean,Home_pass_toSame_std,Count,density
0,0.02469135802469137,17.707963740422603,,1.01010101010101,0.8184876360044804,398.0,0.9555555555555556
