,Centrality,Algebric Connectivity,Density,Home_pass_toSame_Mean,Home_pass_toSame_std,Count,density
0,0.012345679012345685,20.91838533251438,,1.4705882352941178,0.8455805972804243,299.0,0.9777777777777777
