,Centrality,Algebric Connectivity,Density,Home_pass_toSame_Mean,Home_pass_toSame_std,Count,density
0,0.010000000000000009,27.793200887110956,,1.282051282051282,0.8959645741540203,391.0,0.9818181818181818
