,Centrality,Algebric Connectivity,Density,Home_pass_toSame_Mean,Home_pass_toSame_std,Count,density
0,0.010000000000000009,23.863482277230833,,1.1111111111111112,0.7233954154273593,289.0,0.9818181818181818
