,Centrality,Algebric Connectivity,Density,Home_pass_toSame_Mean,Home_pass_toSame_std,Count,density
0,0.02469135802469137,11.383855834147703,,1.2195121951219512,1.070101430574544,527.0,0.9555555555555556
