,Centrality,Algebric Connectivity,Density,Home_pass_toSame_Mean,Home_pass_toSame_std,Count,density
0,0.030000000000000016,18.42578605335542,,1.0309278350515463,0.8743450262330128,666.0,0.9454545454545454
