,Centrality,Algebric Connectivity,Density,Home_pass_toSame_Mean,Home_pass_toSame_std,Count,density
0,0.06172839506172841,12.489646558938249,,1.098901098901099,0.8260704693209643,468.0,0.8888888888888888
