,Centrality,Algebric Connectivity,Density,Home_pass_toSame_Mean,Home_pass_toSame_std,Count,density
0,0.050000000000000024,7.330201905105123,,0.9615384615384616,0.8060444545756815,745.0,0.9090909090909091
