,Centrality,Algebric Connectivity,Density,Home_pass_toSame_Mean,Home_pass_toSame_std,Count,density
0,0.030000000000000006,16.876604988535355,,1.0869565217391304,0.9530239406884982,341.0,0.9454545454545454
