,Centrality,Algebric Connectivity,Density,Home_pass_toSame_Mean,Home_pass_toSame_std,Count,density
0,0.02469135802469137,13.716474891359155,,1.075268817204301,0.7539624805781295,484.0,0.9555555555555556
