,Centrality,Algebric Connectivity,Density,Home_pass_toSame_Mean,Home_pass_toSame_std,Count,density
0,0.030000000000000016,20.791321357368858,,1.1627906976744187,0.9086147870577389,334.0,0.9454545454545454
