,Centrality,Algebric Connectivity,Density,Home_pass_toSame_Mean,Home_pass_toSame_std,Count,density
0,0.030000000000000016,10.867407610021184,,1.1627906976744187,0.7048674560214233,228.0,0.9454545454545454
