,Centrality,Algebric Connectivity,Density,Home_pass_toSame_Mean,Home_pass_toSame_std,Count,density
0,0.030000000000000016,12.856243963459656,,1.0752688172043012,0.8299995108503976,607.0,0.9454545454545454
