,Centrality,Algebric Connectivity,Density,Home_pass_toSame_Mean,Home_pass_toSame_std,Count,density
0,0.06,8.485659863379635,,1.0526315789473684,0.8782521274329658,335.0,0.8909090909090909
