,Centrality,Algebric Connectivity,Density,Home_pass_toSame_Mean,Home_pass_toSame_std,Count,density
0,0.06000000000000003,9.285288406765407,,1.1764705882352942,0.9923663746900114,313.0,0.8909090909090909
