,Centrality,Algebric Connectivity,Density,Home_pass_toSame_Mean,Home_pass_toSame_std,Count,density
0,0.030000000000000006,14.747829464659327,,1.2195121951219512,0.8101437712599586,425.0,0.9454545454545454
