,Centrality,Algebric Connectivity,Density,Home_pass_toSame_Mean,Home_pass_toSame_std,Count,density
0,0.040000000000000015,19.901105526590033,,1.1764705882352942,0.7541436381962157,269.0,0.9272727272727272
