,Centrality,Algebric Connectivity,Density,Home_pass_toSame_Mean,Home_pass_toSame_std,Count,density
0,0.02469135802469137,16.815282488524872,,1.075268817204301,0.934819962212581,468.0,0.9555555555555556
