,Centrality,Algebric Connectivity,Density,Home_pass_toSame_Mean,Home_pass_toSame_std,Count,density
0,0.040000000000000015,16.552738459409706,,1.234567901234568,0.8543693716816828,230.0,0.9272727272727272
