,Centrality,Algebric Connectivity,Density,Home_pass_toSame_Mean,Home_pass_toSame_std,Count,density
0,0.030000000000000016,10.71977904134145,,1.0638297872340425,1.086524986382749,513.0,0.9454545454545454
