,Centrality,Algebric Connectivity,Density,Home_pass_toSame_Mean,Home_pass_toSame_std,Count,density
0,0.020000000000000007,16.811570020291427,,1.492537313432836,1.106475289894869,460.0,0.9636363636363636
