,Centrality,Algebric Connectivity,Density,Home_pass_toSame_Mean,Home_pass_toSame_std,Count,density
0,0.04000000000000002,11.349690822587677,,1.0309278350515463,1.0711889086161104,664.0,0.9272727272727272
