,Centrality,Algebric Connectivity,Density,Home_pass_toSame_Mean,Home_pass_toSame_std,Count,density
0,0.06000000000000002,9.164832891966991,,1.0,1.1689846999003917,742.0,0.8909090909090909
