,Centrality,Algebric Connectivity,Density,Home_pass_toSame_Mean,Home_pass_toSame_std,Count,density
0,0.050000000000000024,12.151136818171585,,1.2345679012345678,0.926645763786952,307.0,0.9090909090909091
