,Centrality,Algebric Connectivity,Density,Home_pass_toSame_Mean,Home_pass_toSame_std,Count,density
0,0.010000000000000009,23.09131804541162,,1.923076923076923,1.2263703294378985,226.0,0.9818181818181818
