,Centrality,Algebric Connectivity,Density,Home_pass_toSame_Mean,Home_pass_toSame_std,Count,density
0,0.020000000000000007,15.659004184496139,,1.0,0.8978845509003028,471.0,0.9636363636363636
