,Centrality,Algebric Connectivity,Density,Home_pass_toSame_Mean,Home_pass_toSame_std,Count,density
0,0.030000000000000016,18.68891191127093,,0.9900990099009901,0.8875126860370994,450.0,0.9454545454545454
