,Centrality,Algebric Connectivity,Density,Home_pass_toSame_Mean,Home_pass_toSame_std,Count,density
0,0.010000000000000009,15.173619790122459,,1.0638297872340425,0.7993607790581707,348.0,0.9818181818181818
