,Centrality,Algebric Connectivity,Density,Home_pass_toSame_Mean,Home_pass_toSame_std,Count,density
0,0.015625,14.116005416900812,,0.9999999999999999,0.8699011344123413,439.0,0.9722222222222222
