,Centrality,Algebric Connectivity,Density,Home_pass_toSame_Mean,Home_pass_toSame_std,Count,density
0,0.030000000000000016,17.463065300003578,,1.0204081632653061,0.6840909897876832,389.0,0.9454545454545454
