,Centrality,Algebric Connectivity,Density,Home_pass_toSame_Mean,Home_pass_toSame_std,Count,density
0,0.03125,13.300910406224009,,1.0416666666666667,0.8446133928099978,679.0,0.9444444444444444
