,Centrality,Algebric Connectivity,Density,Home_pass_toSame_Mean,Home_pass_toSame_std,Count,density
0,0.012345679012345685,14.339567246952974,,1.0526315789473684,0.8284298238653784,529.0,0.9777777777777777
