,Centrality,Algebric Connectivity,Density,Home_pass_toSame_Mean,Home_pass_toSame_std,Count,density
0,0.012345679012345685,18.527071466035345,,1.2345679012345678,0.8828506434227285,296.0,0.9777777777777777
