,Centrality,Algebric Connectivity,Density,Home_pass_toSame_Mean,Home_pass_toSame_std,Count,density
0,0.05,10.671530496513029,,1.075268817204301,0.8138806763745837,492.0,0.9090909090909091
