,Centrality,Algebric Connectivity,Density,Home_pass_toSame_Mean,Home_pass_toSame_std,Count,density
0,0.012345679012345685,18.517615801080524,,1.0309278350515463,0.6971336209432841,379.0,0.9777777777777777
