,Centrality,Algebric Connectivity,Density,Home_pass_toSame_Mean,Home_pass_toSame_std,Count,density
0,0.030000000000000016,13.623716745198026,,1.1363636363636365,0.9027222580619668,332.0,0.9454545454545454
