,Centrality,Algebric Connectivity,Density,Home_pass_toSame_Mean,Home_pass_toSame_std,Count,density
0,0.04,12.701467106565035,,1.282051282051282,0.8500721153751701,377.0,0.9272727272727272
