,Centrality,Algebric Connectivity,Density,Home_pass_toSame_Mean,Home_pass_toSame_std,Count,density
0,0.020000000000000018,17.623216408641273,,1.234567901234568,0.8280175939531396,344.0,0.9636363636363636
