,Centrality,Algebric Connectivity,Density,Home_pass_toSame_Mean,Home_pass_toSame_std,Count,density
0,0.03125,14.246354539600976,,1.36986301369863,1.0308686913239256,200.0,0.9444444444444444
