,Centrality,Algebric Connectivity,Density,Home_pass_toSame_Mean,Home_pass_toSame_std,Count,density
0,0.010000000000000009,19.230610659192834,,1.0638297872340425,0.8090577867132233,309.0,0.9818181818181818
