,Centrality,Algebric Connectivity,Density,Home_pass_toSame_Mean,Home_pass_toSame_std,Count,density
0,0.010000000000000009,20.58365399480456,,1.1627906976744187,0.7297734120326949,194.0,0.9818181818181818
