,Centrality,Algebric Connectivity,Density,Home_pass_toSame_Mean,Home_pass_toSame_std,Count,density
0,0.020000000000000007,10.804646384005194,,1.1111111111111112,0.6758533366009891,301.0,0.9636363636363636
