,Centrality,Algebric Connectivity,Density,Home_pass_toSame_Mean,Home_pass_toSame_std,Count,density
0,0.020000000000000007,23.593196404455707,,1.0526315789473684,0.7921694547572112,345.0,0.9636363636363636
