,Centrality,Algebric Connectivity,Density,Home_pass_toSame_Mean,Home_pass_toSame_std,Count,density
0,0.010000000000000009,16.854607360318173,,1.0989010989010988,0.6070914716090645,207.0,0.9818181818181818
