,Centrality,Algebric Connectivity,Density,Home_pass_toSame_Mean,Home_pass_toSame_std,Count,density
0,0.04938271604938274,12.13133620238911,,1.515151515151515,1.1079470691875386,383.0,0.9111111111111111
