,Centrality,Algebric Connectivity,Density,Home_pass_toSame_Mean,Home_pass_toSame_std,Count,density
0,0.06000000000000001,8.356067355521667,,1.0204081632653061,0.9128631902564943,558.0,0.8909090909090909
