,Centrality,Algebric Connectivity,Density,Home_pass_toSame_Mean,Home_pass_toSame_std,Count,density
0,0.02469135802469137,15.730832468965307,,1.3888888888888888,0.9597048863275371,263.0,0.9555555555555556
