,Centrality,Algebric Connectivity,Density,Home_pass_toSame_Mean,Home_pass_toSame_std,Count,density
0,0.04938271604938274,13.287380813686356,,0.9523809523809524,0.7589767853442708,707.0,0.9111111111111111
