,Centrality,Algebric Connectivity,Density,Home_pass_toSame_Mean,Home_pass_toSame_std,Count,density
0,0.020000000000000018,22.193604857354515,,1.0204081632653061,0.8095365827426019,433.0,0.9636363636363636
