,Centrality,Algebric Connectivity,Density,Home_pass_toSame_Mean,Home_pass_toSame_std,Count,density
0,0.010000000000000009,17.70229788053864,,1.2195121951219512,1.2201586308395238,441.0,0.9818181818181818
