,Centrality,Algebric Connectivity,Density,Home_pass_toSame_Mean,Home_pass_toSame_std,Count,density
0,0.012345679012345685,20.032335103108682,,1.388888888888889,0.949402725126014,224.0,0.9777777777777777
