,Centrality,Algebric Connectivity,Density,Home_pass_toSame_Mean,Home_pass_toSame_std,Count,density
0,0.050000000000000024,14.414834279055206,,1.2195121951219512,0.8459573277825152,350.0,0.9090909090909091
