,Centrality,Algebric Connectivity,Density,Home_pass_toSame_Mean,Home_pass_toSame_std,Count,density
0,0.020000000000000007,17.64444338475538,,1.2658227848101267,0.9760936636307881,477.0,0.9636363636363636
