,Centrality,Algebric Connectivity,Density,Home_pass_toSame_Mean,Home_pass_toSame_std,Count,density
0,0.02469135802469137,9.762859140290827,,1.0526315789473684,0.6682161616699626,238.0,0.9555555555555556
