,Centrality,Algebric Connectivity,Density,Home_pass_toSame_Mean,Home_pass_toSame_std,Count,density
0,0.030000000000000006,12.91214655519892,,0.9708737864077671,0.8815203748279309,495.0,0.9454545454545454
