,Centrality,Algebric Connectivity,Density,Home_pass_toSame_Mean,Home_pass_toSame_std,Count,density
0,0.030000000000000016,15.54616055060878,,1.282051282051282,0.9259874400314214,354.0,0.9454545454545454
