,Centrality,Algebric Connectivity,Density,Home_pass_toSame_Mean,Home_pass_toSame_std,Count,density
0,0.010000000000000009,16.605755403911605,,1.098901098901099,0.8252734205704154,477.0,0.9818181818181818
