,Centrality,Algebric Connectivity,Density,Home_pass_toSame_Mean,Home_pass_toSame_std,Count,density
0,0.050000000000000024,9.59482292758629,,1.1363636363636365,0.7817419190908266,270.0,0.9090909090909091
