,Centrality,Algebric Connectivity,Density,Home_pass_toSame_Mean,Home_pass_toSame_std,Count,density
0,0.020000000000000007,25.79768600732154,,1.1627906976744187,0.7504157592088022,209.0,0.9636363636363636
