,Centrality,Algebric Connectivity,Density,Home_pass_toSame_Mean,Home_pass_toSame_std,Count,density
0,0.030000000000000016,17.275743014999847,,1.0526315789473684,0.7268805506841552,539.0,0.9454545454545454
