,Centrality,Algebric Connectivity,Density,Home_pass_toSame_Mean,Home_pass_toSame_std,Count,density
0,0.030000000000000016,14.191084950812982,,1.1764705882352942,0.7646722731945526,245.0,0.9454545454545454
