,Centrality,Algebric Connectivity,Density,Home_pass_toSame_Mean,Home_pass_toSame_std,Count,density
0,0.020000000000000018,17.62620318432914,,1.2987012987012987,0.8839974890702522,339.0,0.9636363636363636
