,Centrality,Algebric Connectivity,Density,Home_pass_toSame_Mean,Home_pass_toSame_std,Count,density
0,0.030000000000000016,19.543351962748407,,1.1111111111111112,0.6995911696138666,227.0,0.9454545454545454
