,Centrality,Algebric Connectivity,Density,Home_pass_toSame_Mean,Home_pass_toSame_std,Count,density
0,0.04000000000000002,12.676661519855658,,1.0526315789473684,0.7881762308975564,426.0,0.9272727272727272
