,Centrality,Algebric Connectivity,Density,Home_pass_toSame_Mean,Home_pass_toSame_std,Count,density
0,0.020000000000000007,17.506156775117354,,1.25,0.8112329309718743,257.0,0.9636363636363636
