,Centrality,Algebric Connectivity,Density,Home_pass_toSame_Mean,Home_pass_toSame_std,Count,density
0,0.020000000000000007,17.204060191514486,,1.6129032258064515,0.9768433289981728,248.0,0.9636363636363636
