,Centrality,Algebric Connectivity,Density,Home_pass_toSame_Mean,Home_pass_toSame_std,Count,density
0,0.02469135802469137,13.16550729270498,,1.3157894736842104,0.9057784207671806,367.0,0.9555555555555556
