,Centrality,Algebric Connectivity,Density,Home_pass_toSame_Mean,Home_pass_toSame_std,Count,density
0,0.020000000000000007,18.310113854398193,,1.0101010101010102,0.6565599117854978,419.0,0.9636363636363636
