,Centrality,Algebric Connectivity,Density,Home_pass_toSame_Mean,Home_pass_toSame_std,Count,density
0,0.010000000000000009,13.933900976062038,,1.0309278350515463,0.891381908585877,459.0,0.9818181818181818
