,Centrality,Algebric Connectivity,Density,Home_pass_toSame_Mean,Home_pass_toSame_std,Count,density
0,0.020000000000000018,13.003797201351974,,0.9900990099009901,0.7145730873269143,322.0,0.9636363636363636
