,Centrality,Algebric Connectivity,Density,Home_pass_toSame_Mean,Home_pass_toSame_std,Count,density
0,0.012345679012345685,16.22207703584157,,1.3157894736842106,1.027778186608145,305.0,0.9777777777777777
