,Centrality,Algebric Connectivity,Density,Home_pass_toSame_Mean,Home_pass_toSame_std,Count,density
0,0.02469135802469137,16.73559674766736,,1.0526315789473684,0.7286092553615479,261.0,0.9555555555555556
