,Centrality,Algebric Connectivity,Density,Home_pass_toSame_Mean,Home_pass_toSame_std,Count,density
0,0.010000000000000009,15.213340463049041,,1.075268817204301,0.7653384542058085,339.0,0.9818181818181818
