,Centrality,Algebric Connectivity,Density,Home_pass_toSame_Mean,Home_pass_toSame_std,Count,density
0,0.050000000000000024,14.55471572525817,,1.0204081632653061,0.8420034057353522,431.0,0.9090909090909091
