,Centrality,Algebric Connectivity,Density,Home_pass_toSame_Mean,Home_pass_toSame_std,Count,density
0,0.012345679012345685,10.945837381320525,,1.6129032258064515,1.2604406177754774,295.0,0.9777777777777777
