,Centrality,Algebric Connectivity,Density,Home_pass_toSame_Mean,Home_pass_toSame_std,Count,density
0,0.030000000000000006,17.96629768896442,,1.0204081632653061,0.6689468222902444,355.0,0.9454545454545454
