,Centrality,Algebric Connectivity,Density,Home_pass_toSame_Mean,Home_pass_toSame_std,Count,density
0,0.010000000000000009,20.23604514680538,,1.1627906976744187,0.7535339494994573,225.0,0.9818181818181818
