,Centrality,Algebric Connectivity,Density,Home_pass_toSame_Mean,Home_pass_toSame_std,Count,density
0,0.03703703703703704,15.207564310763992,,1.3513513513513513,0.8011227649423684,223.0,0.9333333333333333
