,Centrality,Algebric Connectivity,Density,Home_pass_toSame_Mean,Home_pass_toSame_std,Count,density
0,0.046875,7.677868968247992,,1.075268817204301,0.9403778211517327,505.0,0.9166666666666666
