,Centrality,Algebric Connectivity,Density,Home_pass_toSame_Mean,Home_pass_toSame_std,Count,density
0,0.030000000000000006,19.308367269208276,,1.0,1.036897596445942,634.0,0.9454545454545454
