,Centrality,Algebric Connectivity,Density,Home_pass_toSame_Mean,Home_pass_toSame_std,Count,density
0,0.04,15.652779997772512,,1.0638297872340425,0.814563311177966,419.0,0.9272727272727272
