,Centrality,Algebric Connectivity,Density,Home_pass_toSame_Mean,Home_pass_toSame_std,Count,density
0,0.020000000000000007,15.337358731732333,,1.1363636363636365,0.7654364682419421,216.0,0.9636363636363636
