,Centrality,Algebric Connectivity,Density,Home_pass_toSame_Mean,Home_pass_toSame_std,Count,density
0,0.040000000000000015,16.250046967453148,,1.0526315789473684,0.8374732630812198,380.0,0.9272727272727272
