,Centrality,Algebric Connectivity,Density,Home_pass_toSame_Mean,Home_pass_toSame_std,Count,density
0,0.040000000000000015,13.440529310446653,,1.0101010101010102,0.8105959763720038,381.0,0.9272727272727272
