,Centrality,Algebric Connectivity,Density,Home_pass_toSame_Mean,Home_pass_toSame_std,Count,density
0,0.010000000000000009,23.049615937514595,,1.0869565217391304,0.6905937544803864,255.0,0.9818181818181818
