,Centrality,Algebric Connectivity,Density,Home_pass_toSame_Mean,Home_pass_toSame_std,Count,density
0,0.040000000000000015,13.618757646565298,,1.1764705882352942,0.8089592055775995,391.0,0.9272727272727272
