,Centrality,Algebric Connectivity,Density,Home_pass_toSame_Mean,Home_pass_toSame_std,Count,density
0,0.030000000000000006,14.69378821918107,,1.2195121951219512,0.916592443425164,279.0,0.9454545454545454
