,Centrality,Algebric Connectivity,Density,Home_pass_toSame_Mean,Home_pass_toSame_std,Count,density
0,0.012345679012345685,22.34629358450415,,1.3698630136986303,0.7577394492548573,189.0,0.9777777777777777
