,Centrality,Algebric Connectivity,Density,Home_pass_toSame_Mean,Home_pass_toSame_std,Count,density
0,0.030000000000000006,14.04744793746094,,1.5625,1.0628935515601392,277.0,0.9454545454545454
