,Centrality,Algebric Connectivity,Density,Home_pass_toSame_Mean,Home_pass_toSame_std,Count,density
0,0.06000000000000001,15.286873860586867,,1.1235955056179776,0.8016418951550638,351.0,0.8909090909090909
