,Centrality,Algebric Connectivity,Density,Home_pass_toSame_Mean,Home_pass_toSame_std,Count,density
0,0.04,15.274828730950716,,1.0526315789473684,0.7995860538856281,361.0,0.9272727272727272
