,Centrality,Algebric Connectivity,Density,Home_pass_toSame_Mean,Home_pass_toSame_std,Count,density
0,0.020000000000000007,20.247539262114255,,1.639344262295082,0.9451574702015525,179.0,0.9636363636363636
