,Centrality,Algebric Connectivity,Density,Home_pass_toSame_Mean,Home_pass_toSame_std,Count,density
0,0.020000000000000007,12.415961520569427,,1.0101010101010102,0.9999117521603447,879.0,0.9636363636363636
