,Centrality,Algebric Connectivity,Density,Home_pass_toSame_Mean,Home_pass_toSame_std,Count,density
0,0.020000000000000007,12.694150952251398,,1.2195121951219512,1.0320293018477305,460.0,0.9636363636363636
