,Centrality,Algebric Connectivity,Density,Home_pass_toSame_Mean,Home_pass_toSame_std,Count,density
0,0.012345679012345685,17.273397762760453,,1.0526315789473684,0.8010847822049265,360.0,0.9777777777777777
