,Centrality,Algebric Connectivity,Density,Home_pass_toSame_Mean,Home_pass_toSame_std,Count,density
0,0.020000000000000018,22.738798079792726,,1.1111111111111112,0.7535520996692143,258.0,0.9636363636363636
