,Centrality,Algebric Connectivity,Density,Home_pass_toSame_Mean,Home_pass_toSame_std,Count,density
0,0.030000000000000016,16.071006283518823,,1.075268817204301,0.7311638264942617,379.0,0.9454545454545454
