,Centrality,Algebric Connectivity,Density,Home_pass_toSame_Mean,Home_pass_toSame_std,Count,density
0,0.030000000000000006,15.717589418276663,,1.1904761904761907,0.9128441468548107,352.0,0.9454545454545454
