,Centrality,Algebric Connectivity,Density,Home_pass_toSame_Mean,Home_pass_toSame_std,Count,density
0,0.040000000000000015,14.743679122443789,,1.1235955056179776,0.6924625807191706,255.0,0.9272727272727272
