,Centrality,Algebric Connectivity,Density,Home_pass_toSame_Mean,Home_pass_toSame_std,Count,density
0,0.020000000000000018,21.49611797630165,,1.1904761904761905,0.8496307501731036,341.0,0.9636363636363636
