,Centrality,Algebric Connectivity,Density,Home_pass_toSame_Mean,Home_pass_toSame_std,Count,density
0,0.040000000000000015,8.574915965815956,,1.0416666666666665,0.803292379495528,530.0,0.9272727272727272
