,Centrality,Algebric Connectivity,Density,Home_pass_toSame_Mean,Home_pass_toSame_std,Count,density
0,0.030000000000000016,12.918368253934421,,1.0869565217391304,0.7667655748748465,408.0,0.9454545454545454
