,Centrality,Algebric Connectivity,Density,Home_pass_toSame_Mean,Home_pass_toSame_std,Count,density
0,0.030000000000000027,11.860972447035639,,1.01010101010101,0.8623720588947882,438.0,0.9454545454545454
