,Centrality,Algebric Connectivity,Density,Home_pass_toSame_Mean,Home_pass_toSame_std,Count,density
0,0.020000000000000007,15.773774310352028,,1.1494252873563218,0.8574001368555054,351.0,0.9636363636363636
