,Centrality,Algebric Connectivity,Density,Home_pass_toSame_Mean,Home_pass_toSame_std,Count,density
0,0.020000000000000007,17.099745431479914,,1.1111111111111112,0.808673568100131,265.0,0.9636363636363636
