,Centrality,Algebric Connectivity,Density,Home_pass_toSame_Mean,Home_pass_toSame_std,Count,density
0,0.07000000000000002,10.120010559193016,,1.0,0.7974059076223299,603.0,0.8727272727272727
