,Centrality,Algebric Connectivity,Density,Home_pass_toSame_Mean,Home_pass_toSame_std,Count,density
0,0.04938271604938273,10.4618204891656,,1.282051282051282,0.7725888612741921,303.0,0.9111111111111111
