,Centrality,Algebric Connectivity,Density,Home_pass_toSame_Mean,Home_pass_toSame_std,Count,density
0,0.030000000000000016,14.335207965259634,,1.0,0.8623834100020292,615.0,0.9454545454545454
