,Centrality,Algebric Connectivity,Density,Home_pass_toSame_Mean,Home_pass_toSame_std,Count,density
0,0.030000000000000006,17.945404221743278,,1.0638297872340425,0.7190259829433673,318.0,0.9454545454545454
