,Centrality,Algebric Connectivity,Density,Home_pass_toSame_Mean,Home_pass_toSame_std,Count,density
0,0.03703703703703704,17.996288827530044,,1.0752688172043012,0.8022856623794008,426.0,0.9333333333333333
