,Centrality,Algebric Connectivity,Density,Home_pass_toSame_Mean,Home_pass_toSame_std,Count,density
0,0.03703703703703704,11.926246168804454,,1.0869565217391306,1.0767741208984467,412.0,0.9333333333333333
