,Centrality,Algebric Connectivity,Density,Home_pass_toSame_Mean,Home_pass_toSame_std,Count,density
0,0.040000000000000015,14.247746874826362,,1.075268817204301,0.7765209966903257,399.0,0.9272727272727272
