,Centrality,Algebric Connectivity,Density,Home_pass_toSame_Mean,Home_pass_toSame_std,Count,density
0,0.02469135802469137,17.697690526832915,,0.9900990099009901,0.9057376130468993,441.0,0.9555555555555556
