,Centrality,Algebric Connectivity,Density,Home_pass_toSame_Mean,Home_pass_toSame_std,Count,density
0,0.010000000000000009,17.21267495817747,,1.7543859649122806,0.9842559927322136,111.0,0.9818181818181818
