,Centrality,Algebric Connectivity,Density,Home_pass_toSame_Mean,Home_pass_toSame_std,Count,density
0,0.030000000000000016,14.459388450287118,,1.0416666666666667,0.6808815210823693,299.0,0.9454545454545454
