,Centrality,Algebric Connectivity,Density,Home_pass_toSame_Mean,Home_pass_toSame_std,Count,density
0,0.030000000000000016,17.43173144251599,,1.1363636363636365,1.3156115218280022,528.0,0.9454545454545454
