,Centrality,Algebric Connectivity,Density,Home_pass_toSame_Mean,Home_pass_toSame_std,Count,density
0,0.04000000000000002,16.377776262112267,,1.075268817204301,0.829952563990006,384.0,0.9272727272727272
