,Centrality,Algebric Connectivity,Density,Home_pass_toSame_Mean,Home_pass_toSame_std,Count,density
0,0.030000000000000006,23.513378375006962,,1.1627906976744187,0.7982864827373075,275.0,0.9454545454545454
