,Centrality,Algebric Connectivity,Density,Home_pass_toSame_Mean,Home_pass_toSame_std,Count,density
0,0.010000000000000009,17.00500718652334,,0.99009900990099,0.7461832307346996,459.0,0.9818181818181818
