,Centrality,Algebric Connectivity,Density,Home_pass_toSame_Mean,Home_pass_toSame_std,Count,density
0,0.040000000000000015,14.054037893781986,,1.2195121951219512,0.8995719333941097,399.0,0.9272727272727272
