,Centrality,Algebric Connectivity,Density,Home_pass_toSame_Mean,Home_pass_toSame_std,Count,density
0,0.02469135802469137,22.865197059725475,,1.0526315789473684,0.7234507289902584,373.0,0.9555555555555556
