,Centrality,Algebric Connectivity,Density,Home_pass_toSame_Mean,Home_pass_toSame_std,Count,density
0,0.010000000000000009,16.15947868215576,,1.0416666666666665,0.6688799213241153,289.0,0.9818181818181818
