,Centrality,Algebric Connectivity,Density,Home_pass_toSame_Mean,Home_pass_toSame_std,Count,density
0,0.030000000000000006,18.04755159729789,,1.0204081632653061,0.793490697094933,428.0,0.9454545454545454
