,Centrality,Algebric Connectivity,Density,Home_pass_toSame_Mean,Home_pass_toSame_std,Count,density
0,0.030000000000000016,12.92537667885855,,1.0416666666666665,0.9346784099166989,612.0,0.9454545454545454
