,Centrality,Algebric Connectivity,Density,Home_pass_toSame_Mean,Home_pass_toSame_std,Count,density
0,0.030000000000000016,16.15037155247046,,1.2987012987012987,0.9136681457365262,314.0,0.9454545454545454
