,Centrality,Algebric Connectivity,Density,Home_pass_toSame_Mean,Home_pass_toSame_std,Count,density
0,0.030000000000000016,21.698440038591272,,1.282051282051282,0.8851679995777464,224.0,0.9454545454545454
