,Centrality,Algebric Connectivity,Density,Home_pass_toSame_Mean,Home_pass_toSame_std,Count,density
0,0.05000000000000001,13.105260294550156,,1.0309278350515463,0.6464294403877632,433.0,0.9090909090909091
