,Centrality,Algebric Connectivity,Density,Home_pass_toSame_Mean,Home_pass_toSame_std,Count,density
0,0.020000000000000018,19.24310897997042,,1.0101010101010102,0.7876008638911629,393.0,0.9636363636363636
