,Centrality,Algebric Connectivity,Density,Home_pass_toSame_Mean,Home_pass_toSame_std,Count,density
0,0.02469135802469137,10.694722860219184,,1.0869565217391304,0.9743125194520601,393.0,0.9555555555555556
