,Centrality,Algebric Connectivity,Density,Home_pass_toSame_Mean,Home_pass_toSame_std,Count,density
0,0.012345679012345685,17.286842415917583,,1.0,0.7536105949152638,632.0,0.9777777777777777
