,Centrality,Algebric Connectivity,Density,Home_pass_toSame_Mean,Home_pass_toSame_std,Count,density
0,0.020000000000000007,23.179785435705693,,1.2658227848101267,1.0937841896258402,378.0,0.9636363636363636
