,Centrality,Algebric Connectivity,Density,Home_pass_toSame_Mean,Home_pass_toSame_std,Count,density
0,0.020000000000000007,14.396038293085898,,0.9615384615384615,0.7583449646350149,848.0,0.9636363636363636
