,Centrality,Algebric Connectivity,Density,Home_pass_toSame_Mean,Home_pass_toSame_std,Count,density
0,0.010000000000000009,22.923228858318183,,1.4285714285714286,0.8762904932670526,115.0,0.9818181818181818
