,Centrality,Algebric Connectivity,Density,Home_pass_toSame_Mean,Home_pass_toSame_std,Count,density
0,0.020000000000000007,24.350096655592036,,1.0,0.7991333912109577,489.0,0.9636363636363636
