,Centrality,Algebric Connectivity,Density,Home_pass_toSame_Mean,Home_pass_toSame_std,Count,density
0,0.020000000000000018,25.517898532505146,,0.9900990099009901,0.8340970188136151,494.0,0.9636363636363636
