,Centrality,Algebric Connectivity,Density,Home_pass_toSame_Mean,Home_pass_toSame_std,Count,density
0,0.030000000000000016,16.76067529649258,,1.1764705882352944,0.8109734965047966,208.0,0.9454545454545454
