,Centrality,Algebric Connectivity,Density,Home_pass_toSame_Mean,Home_pass_toSame_std,Count,density
0,0.046875,10.672069431439883,,1.0416666666666667,0.8077566239447479,442.0,0.9166666666666666
