,Centrality,Algebric Connectivity,Density,Home_pass_toSame_Mean,Home_pass_toSame_std,Count,density
0,0.02469135802469137,16.996739572015308,,1.4705882352941175,1.0221811514082872,295.0,0.9555555555555556
