,Centrality,Algebric Connectivity,Density,Home_pass_toSame_Mean,Home_pass_toSame_std,Count,density
0,0.020000000000000018,18.96251394696483,,1.0526315789473684,0.8045535549690603,471.0,0.9636363636363636
