,Centrality,Algebric Connectivity,Density,Home_pass_toSame_Mean,Home_pass_toSame_std,Count,density
0,0.05000000000000001,14.210017214364857,,1.075268817204301,0.9757805918650756,417.0,0.9090909090909091
