,Centrality,Algebric Connectivity,Density,Home_pass_toSame_Mean,Home_pass_toSame_std,Count,density
0,0.05000000000000001,11.173482198544614,,1.3157894736842104,0.9148239852433953,375.0,0.9090909090909091
