,Centrality,Algebric Connectivity,Density,Home_pass_toSame_Mean,Home_pass_toSame_std,Count,density
0,0.040000000000000015,19.11222124528701,,1.0204081632653061,0.7661551464818374,460.0,0.9272727272727272
