,Centrality,Algebric Connectivity,Density,Home_pass_toSame_Mean,Home_pass_toSame_std,Count,density
0,0.030000000000000006,11.907344062300684,,1.0526315789473686,0.7239666091736016,487.0,0.9454545454545454
