,Centrality,Algebric Connectivity,Density,Home_pass_toSame_Mean,Home_pass_toSame_std,Count,density
0,0.020000000000000018,17.48292581627741,,1.0416666666666665,0.662874844483233,386.0,0.9636363636363636
