,Centrality,Algebric Connectivity,Density,Home_pass_toSame_Mean,Home_pass_toSame_std,Count,density
0,0.010000000000000009,19.08803481681517,,1.3333333333333335,1.0702446829420866,362.0,0.9818181818181818
