,Centrality,Algebric Connectivity,Density,Home_pass_toSame_Mean,Home_pass_toSame_std,Count,density
0,0.04000000000000002,8.65646522349527,,1.4285714285714286,1.0340626863258189,351.0,0.9272727272727272
