,Centrality,Algebric Connectivity,Density,Home_pass_toSame_Mean,Home_pass_toSame_std,Count,density
0,0.06,17.03200037220165,,1.0309278350515463,0.7760888896217246,331.0,0.8909090909090909
