,Centrality,Algebric Connectivity,Density,Home_pass_toSame_Mean,Home_pass_toSame_std,Count,density
0,0.04000000000000002,19.781403739871507,,1.1494252873563218,1.048120544073376,384.0,0.9272727272727272
