,Centrality,Algebric Connectivity,Density,Home_pass_toSame_Mean,Home_pass_toSame_std,Count,density
0,0.030000000000000027,14.015113618519615,,1.075268817204301,0.7651034477221845,402.0,0.9454545454545454
