,Centrality,Algebric Connectivity,Density,Home_pass_toSame_Mean,Home_pass_toSame_std,Count,density
0,0.07999999999999999,9.897955721623482,,1.0204081632653061,0.7238583494285392,393.0,0.8545454545454545
