,Centrality,Algebric Connectivity,Density,Home_pass_toSame_Mean,Home_pass_toSame_std,Count,density
0,0.04000000000000002,14.526524464298534,,1.1235955056179776,0.7773774916699893,212.0,0.9272727272727272
