,Centrality,Algebric Connectivity,Density,Home_pass_toSame_Mean,Home_pass_toSame_std,Count,density
0,0.020000000000000018,13.467354877035334,,1.0869565217391304,0.8969677171075016,315.0,0.9636363636363636
