,Centrality,Algebric Connectivity,Density,Home_pass_toSame_Mean,Home_pass_toSame_std,Count,density
0,0.010000000000000009,23.17543169656083,,1.0752688172043012,0.9643152033290248,316.0,0.9818181818181818
