,Centrality,Algebric Connectivity,Density,Home_pass_toSame_Mean,Home_pass_toSame_std,Count,density
0,0.030000000000000006,17.56574206716057,,1.0638297872340425,0.9883257949352633,333.0,0.9454545454545454
