,Centrality,Algebric Connectivity,Density,Home_pass_toSame_Mean,Home_pass_toSame_std,Count,density
0,0.012345679012345685,19.57540580022476,,1.098901098901099,0.8286103733847808,280.0,0.9777777777777777
