,Centrality,Algebric Connectivity,Density,Home_pass_toSame_Mean,Home_pass_toSame_std,Count,density
0,0.010000000000000009,21.363416538039814,,0.9900990099009901,0.8571332615987163,606.0,0.9818181818181818
