,Centrality,Algebric Connectivity,Density,Home_pass_toSame_Mean,Home_pass_toSame_std,Count,density
0,0.012345679012345685,15.405197339913334,,0.9803921568627451,0.8773937050239927,754.0,0.9777777777777777
