,Centrality,Algebric Connectivity,Density,Home_pass_toSame_Mean,Home_pass_toSame_std,Count,density
0,0.02469135802469137,11.677179840851084,,0.9803921568627451,1.0765143990623913,529.0,0.9555555555555556
