,Centrality,Algebric Connectivity,Density,Home_pass_toSame_Mean,Home_pass_toSame_std,Count,density
0,0.02469135802469137,16.346157806040022,,1.1235955056179776,1.0195632687375633,412.0,0.9555555555555556
