,Centrality,Algebric Connectivity,Density,Home_pass_toSame_Mean,Home_pass_toSame_std,Count,density
0,0.040000000000000015,9.573073459772717,,1.4925373134328357,1.2083675451227691,465.0,0.9272727272727272
