,Centrality,Algebric Connectivity,Density,Home_pass_toSame_Mean,Home_pass_toSame_std,Count,density
0,0.037037037037037056,12.657633125679773,,1.4084507042253522,0.9203611918355014,386.0,0.9333333333333333
