,Centrality,Algebric Connectivity,Density,Home_pass_toSame_Mean,Home_pass_toSame_std,Count,density
0,0.04000000000000002,16.56258332554619,,1.0869565217391304,0.9651179855656442,519.0,0.9272727272727272
