,Centrality,Algebric Connectivity,Density,Home_pass_toSame_Mean,Home_pass_toSame_std,Count,density
0,0.012345679012345685,32.36217853667664,,1.0638297872340425,0.6193960420135102,291.0,0.9777777777777777
