,Centrality,Algebric Connectivity,Density,Home_pass_toSame_Mean,Home_pass_toSame_std,Count,density
0,0.010000000000000009,14.064017343285654,,1.1627906976744187,0.850009673250493,239.0,0.9818181818181818
