,Centrality,Algebric Connectivity,Density,Home_pass_toSame_Mean,Home_pass_toSame_std,Count,density
0,0.02469135802469137,12.903737584339408,,1.0416666666666665,0.7231053799784586,327.0,0.9555555555555556
