,Centrality,Algebric Connectivity,Density,Home_pass_toSame_Mean,Home_pass_toSame_std,Count,density
0,0.02469135802469137,16.116788263162576,,1.0204081632653061,0.696757615731459,386.0,0.9555555555555556
