,Centrality,Algebric Connectivity,Density,Home_pass_toSame_Mean,Home_pass_toSame_std,Count,density
0,0.037037037037037056,15.30433617209847,,1.098901098901099,0.6298333299495469,215.0,0.9333333333333333
