,Centrality,Algebric Connectivity,Density,Home_pass_toSame_Mean,Home_pass_toSame_std,Count,density
0,0.020000000000000007,14.855118541606952,,1.0869565217391304,0.9548451317567678,571.0,0.9636363636363636
