,Centrality,Algebric Connectivity,Density,Home_pass_toSame_Mean,Home_pass_toSame_std,Count,density
0,0.010000000000000009,19.95099257070044,,1.075268817204301,0.6717787188204025,251.0,0.9818181818181818
