,Centrality,Algebric Connectivity,Density,Home_pass_toSame_Mean,Home_pass_toSame_std,Count,density
0,0.06172839506172841,8.543676663218381,,1.25,0.8038641502203471,217.0,0.8888888888888888
