,Centrality,Algebric Connectivity,Density,Home_pass_toSame_Mean,Home_pass_toSame_std,Count,density
0,0.07000000000000002,9.604111996620766,,1.0204081632653061,0.8599672152897531,570.0,0.8727272727272727
