,Centrality,Algebric Connectivity,Density,Home_pass_toSame_Mean,Home_pass_toSame_std,Count,density
0,0.08000000000000002,16.148041691782506,,1.1764705882352942,0.8143873800178624,286.0,0.8545454545454545
