,Centrality,Algebric Connectivity,Density,Home_pass_toSame_Mean,Home_pass_toSame_std,Count,density
0,0.06000000000000002,11.236789017077248,,1.0309278350515463,0.7023650226256912,339.0,0.8909090909090909
