,Centrality,Algebric Connectivity,Density,Home_pass_toSame_Mean,Home_pass_toSame_std,Count,density
0,0.05000000000000001,12.209053330725105,,1.5151515151515151,1.0153709932878343,392.0,0.9090909090909091
