,Centrality,Algebric Connectivity,Density,Home_pass_toSame_Mean,Home_pass_toSame_std,Count,density
0,0.030000000000000006,12.345777538086173,,1.0416666666666667,0.9111291856921548,418.0,0.9454545454545454
