,Centrality,Algebric Connectivity,Density,Home_pass_toSame_Mean,Home_pass_toSame_std,Count,density
0,0.012345679012345685,17.76155160370763,,1.0204081632653061,0.9127415558989596,440.0,0.9777777777777777
