,Centrality,Algebric Connectivity,Density,Home_pass_toSame_Mean,Home_pass_toSame_std,Count,density
0,0.06000000000000001,13.51303955066649,,1.0101010101010102,0.7023071083850543,353.0,0.8909090909090909
