,Centrality,Algebric Connectivity,Density,Home_pass_toSame_Mean,Home_pass_toSame_std,Count,density
0,0.030000000000000016,22.94327972304928,,1.0204081632653061,0.7104891652592968,325.0,0.9454545454545454
