,Centrality,Algebric Connectivity,Density,Home_pass_toSame_Mean,Home_pass_toSame_std,Count,density
0,0.020000000000000007,15.748811581988688,,0.9615384615384616,0.6872274844432962,484.0,0.9636363636363636
