,Centrality,Algebric Connectivity,Density,Home_pass_toSame_Mean,Home_pass_toSame_std,Count,density
0,0.010000000000000009,21.368375601142105,,1.0416666666666665,0.7279736889801441,324.0,0.9818181818181818
