,Centrality,Algebric Connectivity,Density,Home_pass_toSame_Mean,Home_pass_toSame_std,Count,density
0,0.040000000000000015,14.465301552837904,,0.9803921568627451,0.7786829521084315,425.0,0.9272727272727272
