,Centrality,Algebric Connectivity,Density,Home_pass_toSame_Mean,Home_pass_toSame_std,Count,density
0,0.010000000000000009,17.934969896209015,,1.3157894736842104,0.9933399386325126,387.0,0.9818181818181818
