,Centrality,Algebric Connectivity,Density,Home_pass_toSame_Mean,Home_pass_toSame_std,Count,density
0,0.030000000000000016,18.35433624586514,,1.0204081632653061,0.7783000402974153,324.0,0.9454545454545454
