,Centrality,Algebric Connectivity,Density,Home_pass_toSame_Mean,Home_pass_toSame_std,Count,density
0,0.020000000000000018,18.02237941582426,,1.3157894736842104,1.0895528056011288,242.0,0.9636363636363636
