,Centrality,Algebric Connectivity,Density,Home_pass_toSame_Mean,Home_pass_toSame_std,Count,density
0,0.010000000000000009,15.846707381943192,,1.25,0.9766634942815162,383.0,0.9818181818181818
