,Centrality,Algebric Connectivity,Density,Home_pass_toSame_Mean,Home_pass_toSame_std,Count,density
0,0.04938271604938273,13.112590864965945,,0.9803921568627453,0.9330798792792191,849.0,0.9111111111111111
