,Centrality,Algebric Connectivity,Density,Home_pass_toSame_Mean,Home_pass_toSame_std,Count,density
0,0.05000000000000001,11.649638752343941,,1.6129032258064515,1.1705456301731014,273.0,0.9090909090909091
