,Centrality,Algebric Connectivity,Density,Home_pass_toSame_Mean,Home_pass_toSame_std,Count,density
0,0.0625,9.093610198448532,,1.1494252873563218,0.9870089943208291,623.0,0.8888888888888888
