,Centrality,Algebric Connectivity,Density,Home_pass_toSame_Mean,Home_pass_toSame_std,Count,density
0,0.020000000000000007,22.97975644042962,,1.25,0.9574343020477721,367.0,0.9636363636363636
