,Centrality,Algebric Connectivity,Density,Home_pass_toSame_Mean,Home_pass_toSame_std,Count,density
0,0.05000000000000001,12.787408014294133,,1.1111111111111112,0.9191327031764323,543.0,0.9090909090909091
