,Centrality,Algebric Connectivity,Density,Home_pass_toSame_Mean,Home_pass_toSame_std,Count,density
0,0.03125,9.573387647677276,,1.2987012987012987,0.766961601092436,144.0,0.9444444444444444
