,Centrality,Algebric Connectivity,Density,Home_pass_toSame_Mean,Home_pass_toSame_std,Count,density
0,0.030000000000000016,22.47966110206942,,1.0869565217391306,0.8351439608510871,376.0,0.9454545454545454
