,Centrality,Algebric Connectivity,Density,Home_pass_toSame_Mean,Home_pass_toSame_std,Count,density
0,0.012345679012345685,18.378433912174685,,1.098901098901099,1.0407372101970447,408.0,0.9777777777777777
