,Centrality,Algebric Connectivity,Density,Home_pass_toSame_Mean,Home_pass_toSame_std,Count,density
0,0.020000000000000018,13.965459318693858,,1.1235955056179776,0.8097750009710225,330.0,0.9636363636363636
