,Centrality,Algebric Connectivity,Density,Home_pass_toSame_Mean,Home_pass_toSame_std,Count,density
0,0.030000000000000006,14.082054409353963,,1.0204081632653061,0.9384650806957239,602.0,0.9454545454545454
