,Centrality,Algebric Connectivity,Density,Home_pass_toSame_Mean,Home_pass_toSame_std,Count,density
0,0.040000000000000015,7.573699023351715,,1.0416666666666665,0.7885431622298558,569.0,0.9272727272727272
