,Centrality,Algebric Connectivity,Density,Home_pass_toSame_Mean,Home_pass_toSame_std,Count,density
0,0.012345679012345685,18.517203747984553,,1.0526315789473684,0.62704189285787,300.0,0.9777777777777777
