,Centrality,Algebric Connectivity,Density,Home_pass_toSame_Mean,Home_pass_toSame_std,Count,density
0,0.012345679012345685,18.52926713789307,,1.1235955056179776,0.8133831263839658,374.0,0.9777777777777777
