,Centrality,Algebric Connectivity,Density,Home_pass_toSame_Mean,Home_pass_toSame_std,Count,density
0,0.03125,13.330350667901605,,1.3513513513513513,1.1029513279643992,348.0,0.9444444444444444
