,Centrality,Algebric Connectivity,Density,Home_pass_toSame_Mean,Home_pass_toSame_std,Count,density
0,0.010000000000000009,19.471910671080163,,1.2820512820512822,0.8998098809487167,328.0,0.9818181818181818
