,Centrality,Algebric Connectivity,Density,Home_pass_toSame_Mean,Home_pass_toSame_std,Count,density
0,0.037037037037037056,13.117436006606647,,1.0,1.0143942759125069,667.0,0.9333333333333333
