,Centrality,Algebric Connectivity,Density,Home_pass_toSame_Mean,Home_pass_toSame_std,Count,density
0,0.05,17.61602447999384,,0.9900990099009901,0.790847245668175,662.0,0.9090909090909091
