,Centrality,Algebric Connectivity,Density,Home_pass_toSame_Mean,Home_pass_toSame_std,Count,density
0,0.020000000000000007,17.25404082753964,,1.2195121951219512,0.7944576340273705,339.0,0.9636363636363636
