,Centrality,Algebric Connectivity,Density,Home_pass_toSame_Mean,Home_pass_toSame_std,Count,density
0,0.040000000000000015,14.049791985840143,,1.1235955056179776,1.198971619187517,492.0,0.9272727272727272
