,Centrality,Algebric Connectivity,Density,Home_pass_toSame_Mean,Home_pass_toSame_std,Count,density
0,0.07000000000000003,5.301293513587979,,1.0309278350515463,0.8032674152967939,544.0,0.8727272727272727
