,Centrality,Algebric Connectivity,Density,Home_pass_toSame_Mean,Home_pass_toSame_std,Count,density
0,0.012345679012345685,16.216990470710808,,1.1363636363636365,0.6696109332978132,274.0,0.9777777777777777
