,Centrality,Algebric Connectivity,Density,Home_pass_toSame_Mean,Home_pass_toSame_std,Count,density
0,0.012345679012345685,15.074020851905452,,1.0204081632653061,0.6643052191119162,294.0,0.9777777777777777
