,Centrality,Algebric Connectivity,Density,Home_pass_toSame_Mean,Home_pass_toSame_std,Count,density
0,0.040000000000000015,12.251141313347787,,1.0309278350515463,0.8549128991043881,759.0,0.9272727272727272
