,Centrality,Algebric Connectivity,Density,Home_pass_toSame_Mean,Home_pass_toSame_std,Count,density
0,0.02469135802469137,14.826683648499914,,1.3698630136986303,0.9164202898121652,279.0,0.9555555555555556
