,Centrality,Algebric Connectivity,Density,Home_pass_toSame_Mean,Home_pass_toSame_std,Count,density
0,0.046875,10.709657754190696,,1.2048192771084336,0.9603302233067218,437.0,0.9166666666666666
