,Centrality,Algebric Connectivity,Density,Home_pass_toSame_Mean,Home_pass_toSame_std,Count,density
0,0.04000000000000002,11.922529458210436,,0.9803921568627451,0.6938426813568981,625.0,0.9272727272727272
