,Centrality,Algebric Connectivity,Density,Home_pass_toSame_Mean,Home_pass_toSame_std,Count,density
0,0.030000000000000016,17.540555439134295,,1.01010101010101,0.7011483132020565,436.0,0.9454545454545454
