,Centrality,Algebric Connectivity,Density,Home_pass_toSame_Mean,Home_pass_toSame_std,Count,density
0,0.012345679012345685,15.534801114375059,,1.0869565217391304,1.1233455062506146,519.0,0.9777777777777777
