,Centrality,Algebric Connectivity,Density,Home_pass_toSame_Mean,Home_pass_toSame_std,Count,density
0,0.05,13.429157515601545,,1.0638297872340425,0.974267650411973,465.0,0.9090909090909091
