,Centrality,Algebric Connectivity,Density,Home_pass_toSame_Mean,Home_pass_toSame_std,Count,density
0,0.010000000000000009,22.419778876446962,,1.3333333333333333,0.8383228798560896,196.0,0.9818181818181818
