,Centrality,Algebric Connectivity,Density,Home_pass_toSame_Mean,Home_pass_toSame_std,Count,density
0,0.010000000000000009,18.44285944790146,,1.3157894736842106,1.0868018892757811,407.0,0.9818181818181818
