,Centrality,Algebric Connectivity,Density,Home_pass_toSame_Mean,Home_pass_toSame_std,Count,density
0,0.020000000000000007,12.5117196951765,,1.1363636363636365,0.935910924122655,312.0,0.9636363636363636
