,Centrality,Algebric Connectivity,Density,Home_pass_toSame_Mean,Home_pass_toSame_std,Count,density
0,0.05000000000000001,12.32351599687904,,1.0309278350515463,0.7645194477605849,502.0,0.9090909090909091
