,Centrality,Algebric Connectivity,Density,Home_pass_toSame_Mean,Home_pass_toSame_std,Count,density
0,0.030000000000000016,20.994042778142514,,1.0638297872340428,0.7412908284092455,275.0,0.9454545454545454
