,Centrality,Algebric Connectivity,Density,Home_pass_toSame_Mean,Home_pass_toSame_std,Count,density
0,0.030000000000000006,16.64001750550222,,1.0638297872340425,0.7464164506823087,351.0,0.9454545454545454
