,Centrality,Algebric Connectivity,Density,Home_pass_toSame_Mean,Home_pass_toSame_std,Count,density
0,0.030000000000000016,11.930548170769832,,1.0,0.7027504892142995,304.0,0.9454545454545454
