,Centrality,Algebric Connectivity,Density,Home_pass_toSame_Mean,Home_pass_toSame_std,Count,density
0,0.06000000000000002,11.357459672510652,,1.0869565217391304,0.7642720620178671,319.0,0.8909090909090909
