,Centrality,Algebric Connectivity,Density,Home_pass_toSame_Mean,Home_pass_toSame_std,Count,density
0,0.08000000000000003,10.828960630028192,,1.0204081632653061,0.8448637783229827,449.0,0.8545454545454545
