,Centrality,Algebric Connectivity,Density,Home_pass_toSame_Mean,Home_pass_toSame_std,Count,density
0,0.06,15.874042994760888,,1.0638297872340425,1.1167394541786861,582.0,0.8909090909090909
