,Centrality,Algebric Connectivity,Density,Home_pass_toSame_Mean,Home_pass_toSame_std,Count,density
0,0.040000000000000015,14.522710764458687,,1.1494252873563218,0.8368066432553494,301.0,0.9272727272727272
