,Centrality,Algebric Connectivity,Density,Home_pass_toSame_Mean,Home_pass_toSame_std,Count,density
0,0.030000000000000016,17.148095436349887,,0.9900990099009901,0.777558008605965,834.0,0.9454545454545454
