,Centrality,Algebric Connectivity,Density,Home_pass_toSame_Mean,Home_pass_toSame_std,Count,density
0,0.04000000000000002,16.86120180583969,,1.0638297872340425,1.248705552531597,476.0,0.9272727272727272
