,Centrality,Algebric Connectivity,Density,Home_pass_toSame_Mean,Home_pass_toSame_std,Count,density
0,0.037037037037037056,10.941999748027829,,1.0526315789473684,1.1953446354287314,676.0,0.9333333333333333
