,Centrality,Algebric Connectivity,Density,Home_pass_toSame_Mean,Home_pass_toSame_std,Count,density
0,0.012345679012345685,14.296900216235008,,1.2658227848101267,0.8715288613070977,286.0,0.9777777777777777
