,Centrality,Algebric Connectivity,Density,Home_pass_toSame_Mean,Home_pass_toSame_std,Count,density
0,0.010000000000000009,27.085591823722446,,1.234567901234568,0.8182983968876283,286.0,0.9818181818181818
