,Centrality,Algebric Connectivity,Density,Home_pass_toSame_Mean,Home_pass_toSame_std,Count,density
0,0.07000000000000002,6.387282951266071,,1.2048192771084338,0.8374262181308458,417.0,0.8727272727272727
