,Centrality,Algebric Connectivity,Density,Home_pass_toSame_Mean,Home_pass_toSame_std,Count,density
0,0.04938271604938273,11.078407325761365,,1.0,0.9186793369625962,544.0,0.9111111111111111
