,Centrality,Algebric Connectivity,Density,Home_pass_toSame_Mean,Home_pass_toSame_std,Count,density
0,0.030000000000000016,12.630488498795224,,1.0309278350515463,0.6563322206850343,323.0,0.9454545454545454
