,Centrality,Algebric Connectivity,Density,Home_pass_toSame_Mean,Home_pass_toSame_std,Count,density
0,0.030000000000000006,11.598445774977472,,1.0638297872340425,0.5826090481447064,254.0,0.9454545454545454
