,Centrality,Algebric Connectivity,Density,Home_pass_toSame_Mean,Home_pass_toSame_std,Count,density
0,0.030000000000000016,15.589164006809694,,1.2658227848101267,1.0460280793484185,357.0,0.9454545454545454
