,Centrality,Algebric Connectivity,Density,Home_pass_toSame_Mean,Home_pass_toSame_std,Count,density
0,0.030000000000000016,21.446828913732002,,1.0526315789473684,0.6497677572788354,302.0,0.9454545454545454
