,Centrality,Algebric Connectivity,Density,Home_pass_toSame_Mean,Home_pass_toSame_std,Count,density
0,0.030000000000000027,16.09396386378957,,1.2987012987012987,0.7273892997886248,202.0,0.9454545454545454
