,Centrality,Algebric Connectivity,Density,Home_pass_toSame_Mean,Home_pass_toSame_std,Count,density
0,0.010000000000000009,17.588006331908584,,1.01010101010101,0.6822277688749279,466.0,0.9818181818181818
