,Centrality,Algebric Connectivity,Density,Home_pass_toSame_Mean,Home_pass_toSame_std,Count,density
0,0.012345679012345685,12.967129010262218,,1.0309278350515463,0.98600903763409,592.0,0.9777777777777777
