,Centrality,Algebric Connectivity,Density,Home_pass_toSame_Mean,Home_pass_toSame_std,Count,density
0,0.020000000000000018,25.080352803747164,,1.0416666666666667,0.6352400836498047,338.0,0.9636363636363636
