,Centrality,Algebric Connectivity,Density,Home_pass_toSame_Mean,Home_pass_toSame_std,Count,density
0,0.010000000000000009,19.48839516290365,,1.0526315789473684,0.7721405951787923,365.0,0.9818181818181818
