,Centrality,Algebric Connectivity,Density,Home_pass_toSame_Mean,Home_pass_toSame_std,Count,density
0,0.05000000000000001,12.536773254883208,,1.0101010101010102,0.6919962379142843,379.0,0.9090909090909091
