,Centrality,Algebric Connectivity,Density,Home_pass_toSame_Mean,Home_pass_toSame_std,Count,density
0,0.04938271604938273,11.06830615804215,,1.2195121951219512,1.1837112092899849,503.0,0.9111111111111111
