,Centrality,Algebric Connectivity,Density,Home_pass_toSame_Mean,Home_pass_toSame_std,Count,density
0,0.010000000000000009,16.174407834000426,,1.1764705882352942,0.8290055802339759,604.0,0.9818181818181818
