,Centrality,Algebric Connectivity,Density,Home_pass_toSame_Mean,Home_pass_toSame_std,Count,density
0,0.050000000000000024,8.603779905213,,0.9900990099009901,0.776643217729835,427.0,0.9090909090909091
