,Centrality,Algebric Connectivity,Density,Home_pass_toSame_Mean,Home_pass_toSame_std,Count,density
0,0.020000000000000007,10.621190203410022,,0.9708737864077669,0.6297754196139238,456.0,0.9636363636363636
