,Centrality,Algebric Connectivity,Density,Home_pass_toSame_Mean,Home_pass_toSame_std,Count,density
0,0.020000000000000007,12.842354157302307,,1.1235955056179776,0.8114464614093008,247.0,0.9636363636363636
