,Centrality,Algebric Connectivity,Density,Home_pass_toSame_Mean,Home_pass_toSame_std,Count,density
0,0.020000000000000018,18.155085335525808,,1.0526315789473684,0.865641692248045,436.0,0.9636363636363636
