,Centrality,Algebric Connectivity,Density,Home_pass_toSame_Mean,Home_pass_toSame_std,Count,density
0,0.050000000000000024,13.686959079885884,,1.0869565217391304,0.6157254652433972,311.0,0.9090909090909091
