,Centrality,Algebric Connectivity,Density,Home_pass_toSame_Mean,Home_pass_toSame_std,Count,density
0,0.040000000000000015,13.040024190950312,,1.234567901234568,1.043978915164785,360.0,0.9272727272727272
