,Centrality,Algebric Connectivity,Density,Home_pass_toSame_Mean,Home_pass_toSame_std,Count,density
0,0.010000000000000009,20.695386788802633,,1.0416666666666665,0.8358764522075984,444.0,0.9818181818181818
