,Centrality,Algebric Connectivity,Density,Home_pass_toSame_Mean,Home_pass_toSame_std,Count,density
0,0.020000000000000007,16.88001639196822,,1.2820512820512822,0.7571837719420023,278.0,0.9636363636363636
