,Centrality,Algebric Connectivity,Density,Home_pass_toSame_Mean,Home_pass_toSame_std,Count,density
0,0.08000000000000002,11.464629320502917,,1.0,0.6698352668067877,315.0,0.8545454545454545
