,Centrality,Algebric Connectivity,Density,Home_pass_toSame_Mean,Home_pass_toSame_std,Count,density
0,0.020000000000000018,13.863800171634415,,1.1627906976744187,0.9937477621811771,383.0,0.9636363636363636
