,Centrality,Algebric Connectivity,Density,Home_pass_toSame_Mean,Home_pass_toSame_std,Count,density
0,0.012345679012345685,10.99532709456646,,1.1363636363636365,0.848260237123628,655.0,0.9777777777777777
