,Centrality,Algebric Connectivity,Density,Home_pass_toSame_Mean,Home_pass_toSame_std,Count,density
0,0.050000000000000024,14.268119806949784,,1.0638297872340425,0.6709567977742862,400.0,0.9090909090909091
