,Centrality,Algebric Connectivity,Density,Home_pass_toSame_Mean,Home_pass_toSame_std,Count,density
0,0.06000000000000001,8.62583172322659,,1.3157894736842104,0.8467432810657306,298.0,0.8909090909090909
