,Centrality,Algebric Connectivity,Density,Home_pass_toSame_Mean,Home_pass_toSame_std,Count,density
0,0.030000000000000016,13.868679055939852,,1.0,1.0314983447029127,542.0,0.9454545454545454
