,Centrality,Algebric Connectivity,Density,Home_pass_toSame_Mean,Home_pass_toSame_std,Count,density
0,0.040000000000000015,12.24285682907722,,1.0,0.9038377561813108,475.0,0.9272727272727272
