,Centrality,Algebric Connectivity,Density,Home_pass_toSame_Mean,Home_pass_toSame_std,Count,density
0,0.06000000000000001,10.694885024427204,,1.25,1.1277008546926033,436.0,0.8909090909090909
