,Centrality,Algebric Connectivity,Density,Home_pass_toSame_Mean,Home_pass_toSame_std,Count,density
0,0.020000000000000018,14.566144535374923,,1.2820512820512822,1.1435434154507822,421.0,0.9636363636363636
