,Centrality,Algebric Connectivity,Density,Home_pass_toSame_Mean,Home_pass_toSame_std,Count,density
0,0.010000000000000009,19.495857001379573,,1.0309278350515463,0.7184725814239565,470.0,0.9818181818181818
