,Centrality,Algebric Connectivity,Density,Home_pass_toSame_Mean,Home_pass_toSame_std,Count,density
0,0.030000000000000027,18.932693645825697,,1.3333333333333335,0.7908447958743116,169.0,0.9454545454545454
