,Centrality,Algebric Connectivity,Density,Home_pass_toSame_Mean,Home_pass_toSame_std,Count,density
0,0.010000000000000009,16.28490960315935,,1.0416666666666667,0.7770802920143048,347.0,0.9818181818181818
