,Centrality,Algebric Connectivity,Density,Home_pass_toSame_Mean,Home_pass_toSame_std,Count,density
0,0.020000000000000007,22.029189304320187,,1.5384615384615385,1.0864190786063692,162.0,0.9636363636363636
