,Centrality,Algebric Connectivity,Density,Home_pass_toSame_Mean,Home_pass_toSame_std,Count,density
0,0.030000000000000016,13.462567384873541,,1.0869565217391304,0.7872766932191497,337.0,0.9454545454545454
