,Centrality,Algebric Connectivity,Density,Home_pass_toSame_Mean,Home_pass_toSame_std,Count,density
0,0.010000000000000009,27.08638540344458,,1.0526315789473684,0.6622863058767179,331.0,0.9818181818181818
