,Centrality,Algebric Connectivity,Density,Home_pass_toSame_Mean,Home_pass_toSame_std,Count,density
0,0.030000000000000016,16.379296536178884,,1.0204081632653061,0.7462421539904224,511.0,0.9454545454545454
