,Centrality,Algebric Connectivity,Density,Home_pass_toSame_Mean,Home_pass_toSame_std,Count,density
0,0.012345679012345685,18.136202513832437,,1.0989010989010988,1.0009016096035925,462.0,0.9777777777777777
