,Centrality,Algebric Connectivity,Density,Home_pass_toSame_Mean,Home_pass_toSame_std,Count,density
0,0.030000000000000006,17.657954951817608,,1.0638297872340425,0.8827940119988174,382.0,0.9454545454545454
