,Centrality,Algebric Connectivity,Density,Home_pass_toSame_Mean,Home_pass_toSame_std,Count,density
0,0.010000000000000009,20.668764571523795,,1.0526315789473684,0.8199296662618294,364.0,0.9818181818181818
