,Centrality,Algebric Connectivity,Density,Home_pass_toSame_Mean,Home_pass_toSame_std,Count,density
0,0.010000000000000009,17.085628342695333,,1.0101010101010102,0.6310890528216224,322.0,0.9818181818181818
