,Centrality,Algebric Connectivity,Density,Home_pass_toSame_Mean,Home_pass_toSame_std,Count,density
0,0.020000000000000018,19.149433080529942,,1.0416666666666665,0.9028191923753636,686.0,0.9636363636363636
