,Centrality,Algebric Connectivity,Density,Home_pass_toSame_Mean,Home_pass_toSame_std,Count,density
0,0.010000000000000009,15.720100442060158,,1.0309278350515463,0.7761198678142069,435.0,0.9818181818181818
