,Centrality,Algebric Connectivity,Density,Home_pass_toSame_Mean,Home_pass_toSame_std,Count,density
0,0.010000000000000009,16.996265733993603,,1.5151515151515151,1.1809462063151324,339.0,0.9818181818181818
