,Centrality,Algebric Connectivity,Density,Home_pass_toSame_Mean,Home_pass_toSame_std,Count,density
0,0.03703703703703704,15.746036467733974,,1.0416666666666665,0.9483572170395049,683.0,0.9333333333333333
