,Centrality,Algebric Connectivity,Density,Home_pass_toSame_Mean,Home_pass_toSame_std,Count,density
0,0.020000000000000007,17.049790782787856,,1.2345679012345678,0.8114248077188922,232.0,0.9636363636363636
