,Centrality,Algebric Connectivity,Density,Home_pass_toSame_Mean,Home_pass_toSame_std,Count,density
0,0.020000000000000007,21.4856340847616,,1.075268817204301,0.7146193907767846,253.0,0.9636363636363636
