,Centrality,Algebric Connectivity,Density,Home_pass_toSame_Mean,Home_pass_toSame_std,Count,density
0,0.030000000000000027,13.821996924607841,,0.9900990099009901,0.7716406447883027,629.0,0.9454545454545454
