,Centrality,Algebric Connectivity,Density,Home_pass_toSame_Mean,Home_pass_toSame_std,Count,density
0,0.020000000000000007,18.06388014267903,,1.2195121951219512,0.8416513643666819,203.0,0.9636363636363636
