,Centrality,Algebric Connectivity,Density,Home_pass_toSame_Mean,Home_pass_toSame_std,Count,density
0,0.010000000000000009,18.670418522467013,,1.0989010989010988,1.0174512192617164,479.0,0.9818181818181818
