,Centrality,Algebric Connectivity,Density,Home_pass_toSame_Mean,Home_pass_toSame_std,Count,density
0,0.05000000000000001,12.58756647582572,,1.0416666666666667,0.9104206242299658,463.0,0.9090909090909091
