,Centrality,Algebric Connectivity,Density,Home_pass_toSame_Mean,Home_pass_toSame_std,Count,density
0,0.030000000000000006,13.80335520270103,,1.0416666666666665,0.9528521529970351,450.0,0.9454545454545454
