,Centrality,Algebric Connectivity,Density,Home_pass_toSame_Mean,Home_pass_toSame_std,Count,density
0,0.010000000000000009,19.73319660771277,,1.3513513513513513,0.9750958341380489,294.0,0.9818181818181818
