,Centrality,Algebric Connectivity,Density,Home_pass_toSame_Mean,Home_pass_toSame_std,Count,density
0,0.020000000000000018,20.878458371821246,,1.0101010101010102,0.6805094443031224,495.0,0.9636363636363636
