,Centrality,Algebric Connectivity,Density,Home_pass_toSame_Mean,Home_pass_toSame_std,Count,density
0,0.010000000000000009,27.303542374390588,,1.0416666666666665,0.6835091262467188,294.0,0.9818181818181818
