,Centrality,Algebric Connectivity,Density,Home_pass_toSame_Mean,Home_pass_toSame_std,Count,density
0,0.037037037037037056,13.835215584844772,,1.5625,0.9343854499097464,202.0,0.9333333333333333
