,Centrality,Algebric Connectivity,Density,Home_pass_toSame_Mean,Home_pass_toSame_std,Count,density
0,0.06000000000000001,12.337518388006403,,1.3333333333333335,1.1855844813700605,457.0,0.8909090909090909
