,Centrality,Algebric Connectivity,Density,Home_pass_toSame_Mean,Home_pass_toSame_std,Count,density
0,0.06000000000000001,13.157987366313058,,1.2048192771084336,0.9669544885461696,304.0,0.8909090909090909
