,Centrality,Algebric Connectivity,Density,Home_pass_toSame_Mean,Home_pass_toSame_std,Count,density
0,0.037037037037037056,14.722239763168098,,1.0526315789473684,0.7626666814659956,517.0,0.9333333333333333
