,Centrality,Algebric Connectivity,Density,Home_pass_toSame_Mean,Home_pass_toSame_std,Count,density
0,0.020000000000000018,18.50350629805747,,1.1363636363636365,0.9603796072462778,253.0,0.9636363636363636
