,Centrality,Algebric Connectivity,Density,Home_pass_toSame_Mean,Home_pass_toSame_std,Count,density
0,0.040000000000000015,10.836727454558012,,1.2987012987012987,1.1639330733691766,372.0,0.9272727272727272
