,Centrality,Algebric Connectivity,Density,Home_pass_toSame_Mean,Home_pass_toSame_std,Count,density
0,0.010000000000000009,17.173151767833588,,1.1363636363636365,0.7841686889025805,235.0,0.9818181818181818
