,Centrality,Algebric Connectivity,Density,Home_pass_toSame_Mean,Home_pass_toSame_std,Count,density
0,0.02469135802469137,10.876100070077777,,1.1111111111111112,0.9950285634803493,360.0,0.9555555555555556
