,Centrality,Algebric Connectivity,Density,Home_pass_toSame_Mean,Home_pass_toSame_std,Count,density
0,0.04,23.067067694820224,,1.0204081632653061,0.7157342509121658,323.0,0.9272727272727272
