,Centrality,Algebric Connectivity,Density,Home_pass_toSame_Mean,Home_pass_toSame_std,Count,density
0,0.020000000000000018,27.20016974685118,,1.5384615384615385,0.8731280413677005,128.0,0.9636363636363636
