,Centrality,Algebric Connectivity,Density,Home_pass_toSame_Mean,Home_pass_toSame_std,Count,density
0,0.08000000000000003,5.223044262329236,,1.0204081632653061,0.7998971104154672,402.0,0.8545454545454545
