,Centrality,Algebric Connectivity,Density,Home_pass_toSame_Mean,Home_pass_toSame_std,Count,density
0,0.020000000000000007,20.81670300520008,,1.0101010101010102,0.7120582534668858,387.0,0.9636363636363636
