,Centrality,Algebric Connectivity,Density,Home_pass_toSame_Mean,Home_pass_toSame_std,Count,density
0,0.02469135802469137,11.763121378883485,,1.0,0.93920518856191,648.0,0.9555555555555556
