,Centrality,Algebric Connectivity,Density,Home_pass_toSame_Mean,Home_pass_toSame_std,Count,density
0,0.020000000000000018,20.184660296400818,,1.2195121951219512,0.8105017637888177,373.0,0.9636363636363636
