,Centrality,Algebric Connectivity,Density,Home_pass_toSame_Mean,Home_pass_toSame_std,Count,density
0,0.020000000000000007,12.95461707283077,,1.0638297872340425,0.6111408053202295,265.0,0.9636363636363636
