,Centrality,Algebric Connectivity,Density,Home_pass_toSame_Mean,Home_pass_toSame_std,Count,density
0,0.012345679012345685,17.984737357691085,,1.1111111111111112,0.8508887585532485,431.0,0.9777777777777777
