,Centrality,Algebric Connectivity,Density,Home_pass_toSame_Mean,Home_pass_toSame_std,Count,density
0,0.010000000000000009,17.13596897295636,,1.0416666666666667,0.73491116804254,302.0,0.9818181818181818
