,Centrality,Algebric Connectivity,Density,Home_pass_toSame_Mean,Home_pass_toSame_std,Count,density
0,0.06000000000000002,10.244817556890178,,1.0204081632653061,0.8814048878207794,556.0,0.8909090909090909
