,Centrality,Algebric Connectivity,Density,Home_pass_toSame_Mean,Home_pass_toSame_std,Count,density
0,0.037037037037037056,13.002116873513062,,1.0989010989010988,0.9890362516621256,369.0,0.9333333333333333
