,Centrality,Algebric Connectivity,Density,Home_pass_toSame_Mean,Home_pass_toSame_std,Count,density
0,0.020000000000000018,14.785731194923857,,1.2195121951219512,1.099779189329177,320.0,0.9636363636363636
