,Centrality,Algebric Connectivity,Density,Home_pass_toSame_Mean,Home_pass_toSame_std,Count,density
0,0.015625,20.462061437276553,,1.0204081632653061,0.8747092120061339,361.0,0.9722222222222222
