,Centrality,Algebric Connectivity,Density,Home_pass_toSame_Mean,Home_pass_toSame_std,Count,density
0,0.050000000000000024,13.908458012860196,,1.6129032258064515,1.2901611677887348,270.0,0.9090909090909091
