,Centrality,Algebric Connectivity,Density,Home_pass_toSame_Mean,Home_pass_toSame_std,Count,density
0,0.02469135802469137,11.993160193398243,,1.1235955056179776,0.7837005128226915,296.0,0.9555555555555556
