,Centrality,Algebric Connectivity,Density,Home_pass_toSame_Mean,Home_pass_toSame_std,Count,density
0,0.030000000000000016,13.882369561443603,,1.0,1.0395530110597926,462.0,0.9454545454545454
