,Centrality,Algebric Connectivity,Density,Home_pass_toSame_Mean,Home_pass_toSame_std,Count,density
0,0.037037037037037056,22.716878775237774,,0.9345794392523366,0.6414727739754685,470.0,0.9333333333333333
