,Centrality,Algebric Connectivity,Density,Home_pass_toSame_Mean,Home_pass_toSame_std,Count,density
0,0.06000000000000001,11.599010528811503,,1.0416666666666665,0.624374334032276,271.0,0.8909090909090909
