,Centrality,Algebric Connectivity,Density,Home_pass_toSame_Mean,Home_pass_toSame_std,Count,density
0,0.020000000000000018,15.135181700394972,,1.0309278350515463,0.7041290474238717,397.0,0.9636363636363636
