,Centrality,Algebric Connectivity,Density,Home_pass_toSame_Mean,Home_pass_toSame_std,Count,density
0,0.012345679012345685,15.267127745611752,,1.25,0.8891953765674693,284.0,0.9777777777777777
