,Centrality,Algebric Connectivity,Density,Home_pass_toSame_Mean,Home_pass_toSame_std,Count,density
0,0.040000000000000015,17.927527771746945,,1.1904761904761905,0.8973789430535104,262.0,0.9272727272727272
