,Centrality,Algebric Connectivity,Density,Home_pass_toSame_Mean,Home_pass_toSame_std,Count,density
0,0.04938271604938274,10.981056748497695,,0.9615384615384616,0.8637291812425731,624.0,0.9111111111111111
