,Centrality,Algebric Connectivity,Density,Home_pass_toSame_Mean,Home_pass_toSame_std,Count,density
0,0.07,12.364875347150273,,1.0101010101010102,0.7830845457921646,484.0,0.8727272727272727
