,Centrality,Algebric Connectivity,Density,Home_pass_toSame_Mean,Home_pass_toSame_std,Count,density
0,0.04,12.50571747185477,,1.1363636363636365,0.8441338734258799,454.0,0.9272727272727272
