,Centrality,Algebric Connectivity,Density,Home_pass_toSame_Mean,Home_pass_toSame_std,Count,density
0,0.02469135802469137,10.932010250191235,,1.0526315789473684,0.7752014119578307,324.0,0.9555555555555556
