,Centrality,Algebric Connectivity,Density,Home_pass_toSame_Mean,Home_pass_toSame_std,Count,density
0,0.04938271604938273,11.451652645737447,,1.0204081632653061,0.8156540659635682,443.0,0.9111111111111111
