,Centrality,Algebric Connectivity,Density,Home_pass_toSame_Mean,Home_pass_toSame_std,Count,density
0,0.05000000000000001,16.146973861188034,,1.098901098901099,0.753263308207004,307.0,0.9090909090909091
