,Centrality,Algebric Connectivity,Density,Home_pass_toSame_Mean,Home_pass_toSame_std,Count,density
0,0.06000000000000001,15.560494225442893,,1.2195121951219512,1.0310491914293265,386.0,0.8909090909090909
