,Centrality,Algebric Connectivity,Density,Home_pass_toSame_Mean,Home_pass_toSame_std,Count,density
0,0.010000000000000009,17.243601660922735,,1.1627906976744187,0.9404342272476184,288.0,0.9818181818181818
