,Centrality,Algebric Connectivity,Density,Home_pass_toSame_Mean,Home_pass_toSame_std,Count,density
0,0.010000000000000009,13.120838544724457,,1.282051282051282,1.0979645292419713,437.0,0.9818181818181818
