,Centrality,Algebric Connectivity,Density,Home_pass_toSame_Mean,Home_pass_toSame_std,Count,density
0,0.010000000000000009,16.078126278416136,,1.3157894736842104,0.93833636404236,329.0,0.9818181818181818
