,Centrality,Algebric Connectivity,Density,Home_pass_toSame_Mean,Home_pass_toSame_std,Count,density
0,0.010000000000000009,23.85081926548262,,1.25,0.864598425215238,384.0,0.9818181818181818
