,Centrality,Algebric Connectivity,Density,Home_pass_toSame_Mean,Home_pass_toSame_std,Count,density
0,0.010000000000000009,22.05258133375197,,0.9615384615384616,0.7143900602421643,371.0,0.9818181818181818
