,Centrality,Algebric Connectivity,Density,Home_pass_toSame_Mean,Home_pass_toSame_std,Count,density
0,0.012345679012345685,19.25333170662196,,1.3157894736842104,0.636427448289062,204.0,0.9777777777777777
