,Centrality,Algebric Connectivity,Density,Home_pass_toSame_Mean,Home_pass_toSame_std,Count,density
0,0.030000000000000027,16.908791046865478,,1.0416666666666665,0.8203125046337715,471.0,0.9454545454545454
