,Centrality,Algebric Connectivity,Density,Home_pass_toSame_Mean,Home_pass_toSame_std,Count,density
0,0.020000000000000007,20.744486533159723,,1.0,0.7438347909308768,332.0,0.9636363636363636
