,Centrality,Algebric Connectivity,Density,Home_pass_toSame_Mean,Home_pass_toSame_std,Count,density
0,0.015625,23.63767865326751,,0.9999999999999999,0.9528616042572664,460.0,0.9722222222222222
