,Centrality,Algebric Connectivity,Density,Home_pass_toSame_Mean,Home_pass_toSame_std,Count,density
0,0.015625,16.899553085083575,,1.1904761904761905,0.7978993353567474,612.0,0.9722222222222222
