,Centrality,Algebric Connectivity,Density,Home_pass_toSame_Mean,Home_pass_toSame_std,Count,density
0,0.07000000000000002,7.943594401995879,,0.9900990099009901,0.7783148322663848,604.0,0.8727272727272727
