,Centrality,Algebric Connectivity,Density,Home_pass_toSame_Mean,Home_pass_toSame_std,Count,density
0,0.040000000000000015,13.382119992268787,,1.4492753623188406,0.7740259727337859,288.0,0.9272727272727272
