,Centrality,Algebric Connectivity,Density,Home_pass_toSame_Mean,Home_pass_toSame_std,Count,density
0,0.020000000000000007,17.325965154246482,,1.1363636363636365,0.6272035506647506,231.0,0.9636363636363636
