,Centrality,Algebric Connectivity,Density,Home_pass_toSame_Mean,Home_pass_toSame_std,Count,density
0,0.020000000000000007,13.977313197983124,,1.25,1.1060869343357749,524.0,0.9636363636363636
