,Centrality,Algebric Connectivity,Density,Home_pass_toSame_Mean,Home_pass_toSame_std,Count,density
0,0.030000000000000016,12.039650639425162,,1.0204081632653061,0.816040532243709,569.0,0.9454545454545454
