,Centrality,Algebric Connectivity,Density,Home_pass_toSame_Mean,Home_pass_toSame_std,Count,density
0,0.050000000000000024,12.711111774769801,,0.9803921568627451,0.732425114287218,697.0,0.9090909090909091
