,Centrality,Algebric Connectivity,Density,Home_pass_toSame_Mean,Home_pass_toSame_std,Count,density
0,0.04938271604938273,12.050134005690715,,1.388888888888889,1.063197365069037,204.0,0.9111111111111111
