,Centrality,Algebric Connectivity,Density,Home_pass_toSame_Mean,Home_pass_toSame_std,Count,density
0,0.020000000000000007,18.649157850115056,,1.0638297872340425,0.87587735404777,608.0,0.9636363636363636
