,Centrality,Algebric Connectivity,Density,Home_pass_toSame_Mean,Home_pass_toSame_std,Count,density
0,0.010000000000000009,25.169615583470623,,1.234567901234568,1.1017858823808153,343.0,0.9818181818181818
