,Centrality,Algebric Connectivity,Density,Home_pass_toSame_Mean,Home_pass_toSame_std,Count,density
0,0.02469135802469137,16.884264617491674,,1.0204081632653061,0.6710224355119498,361.0,0.9555555555555556
