,Centrality,Algebric Connectivity,Density,Home_pass_toSame_Mean,Home_pass_toSame_std,Count,density
0,0.06000000000000002,13.817170218176335,,1.0869565217391306,0.8393140182629019,399.0,0.8909090909090909
