,Centrality,Algebric Connectivity,Density,Home_pass_toSame_Mean,Home_pass_toSame_std,Count,density
0,0.015625,17.18516829494786,,1.0638297872340425,0.8519826215055143,531.0,0.9722222222222222
