,Centrality,Algebric Connectivity,Density,Home_pass_toSame_Mean,Home_pass_toSame_std,Count,density
0,0.020000000000000007,20.58403025682722,,1.3157894736842106,1.0369942349898362,336.0,0.9636363636363636
