,Centrality,Algebric Connectivity,Density,Home_pass_toSame_Mean,Home_pass_toSame_std,Count,density
0,0.010000000000000009,17.856798140816633,,1.098901098901099,0.9751277804932376,541.0,0.9818181818181818
