,Centrality,Algebric Connectivity,Density,Home_pass_toSame_Mean,Home_pass_toSame_std,Count,density
0,0.030000000000000006,16.420725384317567,,1.36986301369863,1.0437412826828558,281.0,0.9454545454545454
