,Centrality,Algebric Connectivity,Density,Home_pass_toSame_Mean,Home_pass_toSame_std,Count,density
0,0.03125,14.603811049512395,,1.0752688172043012,0.9356452382525032,427.0,0.9444444444444444
