,Centrality,Algebric Connectivity,Density,Home_pass_toSame_Mean,Home_pass_toSame_std,Count,density
0,0.010000000000000009,17.732570599479203,,1.4925373134328357,1.1023240905190512,464.0,0.9818181818181818
