,Centrality,Algebric Connectivity,Density,Home_pass_toSame_Mean,Home_pass_toSame_std,Count,density
0,0.04938271604938274,16.1617950716883,,1.0638297872340425,0.740992925170154,331.0,0.9111111111111111
