,Centrality,Algebric Connectivity,Density,Home_pass_toSame_Mean,Home_pass_toSame_std,Count,density
0,0.012345679012345685,18.224298514489917,,1.0526315789473684,0.8871006447747501,499.0,0.9777777777777777
