,Centrality,Algebric Connectivity,Density,Home_pass_toSame_Mean,Home_pass_toSame_std,Count,density
0,0.040000000000000015,13.449837524432441,,1.075268817204301,0.7010906799525514,284.0,0.9272727272727272
