,Centrality,Algebric Connectivity,Density,Home_pass_toSame_Mean,Home_pass_toSame_std,Count,density
0,0.07,7.484042179300588,,1.0204081632653061,0.7515519538635006,377.0,0.8727272727272727
