,Centrality,Algebric Connectivity,Density,Home_pass_toSame_Mean,Home_pass_toSame_std,Count,density
0,0.040000000000000015,10.643579356533518,,1.0526315789473684,0.812389960912199,340.0,0.9272727272727272
