,Centrality,Algebric Connectivity,Density,Home_pass_toSame_Mean,Home_pass_toSame_std,Count,density
0,0.05000000000000001,12.715968523273673,,1.282051282051282,0.8466882042570468,275.0,0.9090909090909091
