,Centrality,Algebric Connectivity,Density,Home_pass_toSame_Mean,Home_pass_toSame_std,Count,density
0,0.015625,19.5430321234904,,1.36986301369863,0.8577716333975249,191.0,0.9722222222222222
