,Centrality,Algebric Connectivity,Density,Home_pass_toSame_Mean,Home_pass_toSame_std,Count,density
0,0.010000000000000009,15.887902369870684,,1.0869565217391304,0.8171766930652415,466.0,0.9818181818181818
