,Centrality,Algebric Connectivity,Density,Home_pass_toSame_Mean,Home_pass_toSame_std,Count,density
0,0.06000000000000001,10.342799688389643,,1.111111111111111,0.8330436519481531,342.0,0.8909090909090909
