,Centrality,Algebric Connectivity,Density,Home_pass_toSame_Mean,Home_pass_toSame_std,Count,density
0,0.020000000000000018,20.279331178773393,,1.1627906976744187,0.8514331793254136,277.0,0.9636363636363636
