,Centrality,Algebric Connectivity,Density,Home_pass_toSame_Mean,Home_pass_toSame_std,Count,density
0,0.010000000000000009,12.051925342051842,,1.1235955056179776,0.9356957308000966,298.0,0.9818181818181818
