,Centrality,Algebric Connectivity,Density,Home_pass_toSame_Mean,Home_pass_toSame_std,Count,density
0,0.030000000000000027,17.21829541956494,,1.01010101010101,0.8727647699747761,476.0,0.9454545454545454
