,Centrality,Algebric Connectivity,Density,Home_pass_toSame_Mean,Home_pass_toSame_std,Count,density
0,0.010000000000000009,27.62747717714746,,1.5873015873015872,1.0871285078637374,205.0,0.9818181818181818
