,Centrality,Algebric Connectivity,Density,Home_pass_toSame_Mean,Home_pass_toSame_std,Count,density
0,0.010000000000000009,18.398352125022186,,1.2048192771084338,0.8645390742917914,362.0,0.9818181818181818
