,Centrality,Algebric Connectivity,Density,Home_pass_toSame_Mean,Home_pass_toSame_std,Count,density
0,0.020000000000000007,16.48108889854676,,1.1111111111111112,0.6872769759368869,314.0,0.9636363636363636
