,Centrality,Algebric Connectivity,Density,Home_pass_toSame_Mean,Home_pass_toSame_std,Count,density
0,0.020000000000000007,22.227646392950167,,1.0416666666666665,0.8602412050956301,470.0,0.9636363636363636
