,Centrality,Algebric Connectivity,Density,Home_pass_toSame_Mean,Home_pass_toSame_std,Count,density
0,0.06000000000000002,10.55180132329406,,1.0101010101010102,0.7515579063904172,489.0,0.8909090909090909
