,Centrality,Algebric Connectivity,Density,Home_pass_toSame_Mean,Home_pass_toSame_std,Count,density
0,0.030000000000000006,12.877029886939614,,1.0989010989010988,0.9248428529128266,459.0,0.9454545454545454
