,Centrality,Algebric Connectivity,Density,Home_pass_toSame_Mean,Home_pass_toSame_std,Count,density
0,0.030000000000000006,19.77660609127285,,1.1904761904761907,0.9085135251589956,300.0,0.9454545454545454
