,Centrality,Algebric Connectivity,Density,Home_pass_toSame_Mean,Home_pass_toSame_std,Count,density
0,0.037037037037037056,14.556323763727082,,1.1111111111111112,0.7707049005494172,295.0,0.9333333333333333
