,Centrality,Algebric Connectivity,Density,Home_pass_toSame_Mean,Home_pass_toSame_std,Count,density
0,0.050000000000000024,19.9006988161816,,1.0526315789473684,0.8933823700812052,647.0,0.9090909090909091
