,Centrality,Algebric Connectivity,Density,Home_pass_toSame_Mean,Home_pass_toSame_std,Count,density
0,0.010000000000000009,18.580895227337308,,1.234567901234568,1.0510583075820896,346.0,0.9818181818181818
