,Centrality,Algebric Connectivity,Density,Home_pass_toSame_Mean,Home_pass_toSame_std,Count,density
0,0.020000000000000007,18.175650738255253,,1.098901098901099,0.8310575722234191,408.0,0.9636363636363636
