,Centrality,Algebric Connectivity,Density,Home_pass_toSame_Mean,Home_pass_toSame_std,Count,density
0,0.012345679012345685,20.029859291341104,,1.1904761904761907,0.9488367150186034,559.0,0.9777777777777777
