,Centrality,Algebric Connectivity,Density,Home_pass_toSame_Mean,Home_pass_toSame_std,Count,density
0,0.050000000000000024,10.782968436499884,,1.0204081632653061,0.9120379708326958,883.0,0.9090909090909091
