,Centrality,Algebric Connectivity,Density,Home_pass_toSame_Mean,Home_pass_toSame_std,Count,density
0,0.02469135802469137,20.976733283724073,,1.0,0.8406217030466974,508.0,0.9555555555555556
