,Centrality,Algebric Connectivity,Density,Home_pass_toSame_Mean,Home_pass_toSame_std,Count,density
0,0.010000000000000009,19.517088214080054,,1.25,1.2015944049154235,320.0,0.9818181818181818
