,Centrality,Algebric Connectivity,Density,Home_pass_toSame_Mean,Home_pass_toSame_std,Count,density
0,0.040000000000000015,17.776132885629796,,1.0526315789473684,0.7676206773084582,389.0,0.9272727272727272
