,Centrality,Algebric Connectivity,Density,Home_pass_toSame_Mean,Home_pass_toSame_std,Count,density
0,0.010000000000000009,19.051408180098843,,1.2048192771084338,0.8351676204994574,283.0,0.9818181818181818
