,Centrality,Algebric Connectivity,Density,Home_pass_toSame_Mean,Home_pass_toSame_std,Count,density
0,0.030000000000000016,16.61336898577064,,1.0,0.7754065796000671,586.0,0.9454545454545454
