,Centrality,Algebric Connectivity,Density,Home_pass_toSame_Mean,Home_pass_toSame_std,Count,density
0,0.05000000000000001,11.467689831585634,,1.0989010989010988,0.962036519897688,478.0,0.9090909090909091
