,Centrality,Algebric Connectivity,Density,Home_pass_toSame_Mean,Home_pass_toSame_std,Count,density
0,0.037037037037037056,11.080642238713295,,1.2345679012345678,0.8006167123942982,387.0,0.9333333333333333
