,Centrality,Algebric Connectivity,Density,Home_pass_toSame_Mean,Home_pass_toSame_std,Count,density
0,0.012345679012345685,20.54828118012603,,1.1494252873563218,1.0829416088094153,493.0,0.9777777777777777
