,Centrality,Algebric Connectivity,Density,Home_pass_toSame_Mean,Home_pass_toSame_std,Count,density
0,0.020000000000000007,19.040789977275345,,1.0,0.5831540167541555,287.0,0.9636363636363636
