,Centrality,Algebric Connectivity,Density,Home_pass_toSame_Mean,Home_pass_toSame_std,Count,density
0,0.020000000000000007,18.4301356654816,,1.075268817204301,0.8235736801170845,567.0,0.9636363636363636
