,Centrality,Algebric Connectivity,Density,Home_pass_toSame_Mean,Home_pass_toSame_std,Count,density
0,0.02469135802469137,19.807264400020074,,1.0416666666666665,1.0788335685848187,503.0,0.9555555555555556
