,Centrality,Algebric Connectivity,Density,Home_pass_toSame_Mean,Home_pass_toSame_std,Count,density
0,0.06000000000000003,10.3061205401687,,1.0204081632653061,0.8234313798148962,604.0,0.8909090909090909
