,Centrality,Algebric Connectivity,Density,Home_pass_toSame_Mean,Home_pass_toSame_std,Count,density
0,0.010000000000000009,18.6509903047147,,1.0752688172043012,0.7027603363910725,262.0,0.9818181818181818
