,Centrality,Algebric Connectivity,Density,Home_pass_toSame_Mean,Home_pass_toSame_std,Count,density
0,0.010000000000000009,17.205563556781456,,1.0204081632653061,0.830153833479559,450.0,0.9818181818181818
