,Centrality,Algebric Connectivity,Density,Home_pass_toSame_Mean,Home_pass_toSame_std,Count,density
0,0.030000000000000006,15.925043710026632,,1.0526315789473684,0.8220327704516361,310.0,0.9454545454545454
