,Centrality,Algebric Connectivity,Density,Home_pass_toSame_Mean,Home_pass_toSame_std,Count,density
0,0.010000000000000009,14.171949734093749,,1.25,0.8331729803527435,250.0,0.9818181818181818
