,Centrality,Algebric Connectivity,Density,Home_pass_toSame_Mean,Home_pass_toSame_std,Count,density
0,0.015625,12.08090820660289,,1.1904761904761905,1.03958829076772,447.0,0.9722222222222222
