,Centrality,Algebric Connectivity,Density,Home_pass_toSame_Mean,Home_pass_toSame_std,Count,density
0,0.020000000000000018,16.94682760384687,,1.2658227848101267,0.9526607257428814,297.0,0.9636363636363636
