,Centrality,Algebric Connectivity,Density,Home_pass_toSame_Mean,Home_pass_toSame_std,Count,density
0,0.020000000000000007,12.948748050244435,,1.0869565217391306,0.6886944370300215,257.0,0.9636363636363636
