,Centrality,Algebric Connectivity,Density,Home_pass_toSame_Mean,Home_pass_toSame_std,Count,density
0,0.030000000000000016,11.680479551792462,,1.1235955056179776,1.0949301643528377,504.0,0.9454545454545454
