,Centrality,Algebric Connectivity,Density,Home_pass_toSame_Mean,Home_pass_toSame_std,Count,density
0,0.0617283950617284,11.58603628049428,,1.3513513513513513,0.7896484311840144,196.0,0.8888888888888888
