,Centrality,Algebric Connectivity,Density,Home_pass_toSame_Mean,Home_pass_toSame_std,Count,density
0,0.13000000000000003,5.1376020833462785,,0.9900990099009901,0.6927880215021647,612.0,0.7636363636363637
