,Centrality,Algebric Connectivity,Density,Home_pass_toSame_Mean,Home_pass_toSame_std,Count,density
0,0.040000000000000015,19.57598893670882,,1.098901098901099,0.7837925918602893,404.0,0.9272727272727272
