,Centrality,Algebric Connectivity,Density,Home_pass_toSame_Mean,Home_pass_toSame_std,Count,density
0,0.012345679012345685,15.246685953589383,,1.0309278350515463,0.7642962351866008,358.0,0.9777777777777777
