,Centrality,Algebric Connectivity,Density,Home_pass_toSame_Mean,Home_pass_toSame_std,Count,density
0,0.03125,10.962457805786835,,1.1904761904761905,0.8351170429319772,357.0,0.9444444444444444
