,Centrality,Algebric Connectivity,Density,Home_pass_toSame_Mean,Home_pass_toSame_std,Count,density
0,0.040000000000000015,11.934706904088879,,1.0638297872340425,0.7818887731053157,402.0,0.9272727272727272
