,Centrality,Algebric Connectivity,Density,Home_pass_toSame_Mean,Home_pass_toSame_std,Count,density
0,0.040000000000000015,16.92303190165703,,1.0309278350515463,0.7818188790091924,537.0,0.9272727272727272
