,Centrality,Algebric Connectivity,Density,Home_pass_toSame_Mean,Home_pass_toSame_std,Count,density
0,0.020000000000000007,20.788720257502316,,1.0526315789473686,0.7484123707403433,305.0,0.9636363636363636
