,Centrality,Algebric Connectivity,Density,Home_pass_toSame_Mean,Home_pass_toSame_std,Count,density
0,0.015625,16.66987673500605,,1.0309278350515463,0.607345416027636,228.0,0.9722222222222222
