,Centrality,Algebric Connectivity,Density,Home_pass_toSame_Mean,Home_pass_toSame_std,Count,density
0,0.029999999999999992,20.96349824923038,,1.3333333333333333,0.9286602524223848,194.0,0.9454545454545454
