,Centrality,Algebric Connectivity,Density,Home_pass_toSame_Mean,Home_pass_toSame_std,Count,density
0,0.020000000000000018,12.877547793254891,,1.0416666666666667,0.9809286731485685,589.0,0.9636363636363636
